"RegionName","State","Metro","CountyName","SizeRank","2010-02","2010-03","2010-04","2010-05","2010-06","2010-07","2010-08","2010-09","2010-10","2010-11","2010-12","2011-01","2011-02","2011-03","2011-04","2011-05","2011-06","2011-07","2011-08","2011-09","2011-10","2011-11","2011-12","2012-01","2012-02","2012-03","2012-04","2012-05","2012-06","2012-07","2012-08","2012-09","2012-10","2012-11","2012-12","2013-01","2013-02","2013-03","2013-04","2013-05","2013-06","2013-07","2013-08","2013-09","2013-10","2013-11","2013-12","2014-01","2014-02","2014-03","2014-04","2014-05","2014-06","2014-07","2014-08","2014-09","2014-10","2014-11","2014-12","2015-01","2015-02","2015-03","2015-04","2015-05","2015-06","2015-07","2015-08","2015-09","2015-10","2015-11","2015-12","2016-01","2016-02","2016-03","2016-04","2016-05","2016-06","2016-07","2016-08","2016-09"
"New York","NY","New York","Queens",1,,,,2450,2500,2500,2400,2450,2500,2470,2495,2200,2100,2400,2500,2500,2300,2300,2400,2300,2350,2445,2400,2400,2470,2495,2500,2500,2500,2506,2550,2595,2600,2600,2600,2595,2650,2602,2650,2699,2700,2635,2650,2700,2700,2650,2614.5,2600,2600,2600,2600,2650,2645,2300,2275,2295,2250,2275,2200,2200,2275,2295,2350,2358,2300,2250,2300,2300,2250,2200,2200,2199,2200,2200,2275,2300,2350,2308.5,2300,2390
"Los Angeles","CA","Los Angeles-Long Beach-Anaheim","Los Angeles",2,,,,,,,,,1345,1350,1400,1300,1350,1350,1350,1381,1390,1350,1317.5,1290,1250,1250,1200,1290,1350,1399,1395,1420,1399,1395,1395,1450,1509.5,1500,1430,1450,1575,1588,1550,1550,1550,1485,1450,1495,1515,1352.5,1525,1495,1495,1450,1495,1595,1600,1650,1695,1700,1750,1725,1765,1755,1795,1795,1750,1795,1805,1800,1810,1850,1850,1850,1845.5,1981,1995,2011,2020,2000,1995,1950,1900,1995
"Chicago","IL","Chicago","Cook",3,,,,,,,,,1399,1390,1400,1260,1295,1265,1289.5,1299,1370,1333,1300,1325,1320,1335,1384,1399,1350,1295,1275,1350,1400,1400,1415,1471.5,1500,1477,1500,1500,1600,1500,1550,1590,1600,1590,1594,1570,1545,1588,1640,1618,1545,1504,1497,1495,1535,1634,1525,1660,1695,1650,1499.5,1600,1655,1500,1505,1525,1500,1495,1495,1644,1700,1790,1700,1670,1730,1595,1550,1545,1510,1495,1495,1495
"Houston","TX","Houston","Harris",4,,,,,,,,,,,,,,,,,,,,,,,,,,,,,,,,,,,,,,,,,,,,,,1272,1134,1243,1155,1095,1137,1214,1219,1240,1200,1239,1249,1185,1199,1191,1204.5,1209,1235,1243,1245,1245,1240,1250,1250,1365,1364.5,1380,1300,1335,1304,1298,1288,1250,1200,1239
"Philadelphia","PA","Philadelphia","Philadelphia",5,,1450,1350,1412.5,1575,1550,1600,1410,1401.5,1420,1400,1291.5,1275,1287.5,1250,1190.5,1160,1100,1100,1100,1000,1050,1050,999.5,1147.5,1197.5,1250,1200,1250,1200,1199,1150,1175,1100,1100,1075,1200,1195,1180,1250,1159,1185,1150,1250,1225,1250,1250,1050,1095,1075,1125,1300,1300,1300,1264,1200,1200,1200,1150,1127.5,1130,1200,1300,1275,1260,1200,1250,1195,1195,1250,1200,1250,1225,1292,1300,1350,1300,1300,1325,1300
"Phoenix","AZ","Phoenix","Maricopa",6,,,,,,,,616,700,699,699,650,650,650,673.5,695,657,643.5,650,659,645,639,615,600,649,674,657,655,670,680,695,700,705,695,685,670,670,675,669,670,667,675,666,675,655,650,669,708,700,699,706,688,699,695,708.5,700,700,698,705,709,730,753.5,754,759.5,775,762.5,775,790,795,825,895,880,873.5,901,875,850,940,850,876.5,874
"Las Vegas","NV","Las Vegas","Clark",7,,,,,,,,,630.5,630,624.5,650,650,650,700,750,699,675,675,699,650,625,650,620,639,650,607,600,630,629,625,645,650,645,625,625,625,640,650,680,700,699,675,650,650,672,700,680,675,675,690,700,695,719,725,749,750,759,779,772,795,795,780,787,800,812,812,795,780,823,875,855,845,875,850,850,879,825,870,850
"San Antonio","TX","San Antonio","Bexar",8,,,,,,,,,,,,652.5,597,595,595,595,600,636,646,650,622,650,651,674.5,715,730,695,685,679,679,724.5,723.5,700,705,692,710,712,734,750,730,731,729,750,760,775,775,790,799,800,800,800,775,795,785,787,779,775,779,787,785,790,775,770,775,775,781.5,794,795,800,850,850,825,816,845,825,800,821,804,820,825
"San Diego","CA","San Diego","San Diego",9,,,,,,,,,,,,1250,1250,1200,1200,1195,1200,1295,1395,1400,1400,1300,1300,1350,1325,1364,1300,1295,1332.5,1300,1300,1350,1329.5,1335.5,1350,1340,1350,1356,1350,1349,1330,1300,1350,1375,1325,1255,1400,1450,1395,1385,1450,1623,1600,1595,1650,1603,1650,1679,1649.5,1690,1710,1650,1683,1695,1705,1735,1775,1795,1773,1744.5,1750,1750,1750,1755,1750,1695,1675,1850,1715,1815
"Dallas","TX","Dallas-Fort Worth","Dallas",10,,,,,,,,,,,,,,,,,,,,699,698,752,875,850,860,942,875,981,1000,960,920,1005,1000,1026,1071,1141,1050,1079,1079,1021,1095,1098,1045,1095,1107,1150,1158,1175,1142,1135,1164,1150,1175,1143,1107,1120,1150,1199,1196,1158,1129,1117.5,1155,1150,1165,1198.5,1200,1229,1200,1195,1195,1204,1255,1275,1250,1239.5,1263,1265,1233.5,1295
"San Jose","CA","San Jose","Santa Clara",11,,,,,,,,,,,,,,,,,,,,,,,,,,,,,,,,,,1667.5,1650,1589,1600,1634,1580.5,1630,1542,1780.5,1733,1781,1725,1775,1987.5,1985,1962,1954.5,2048,2038,2047.5,2200,2195,2310,2315,2300,2315,2335,2340,2340,2425,2450,2496,2573,2616,2545,2525,2530,2526,2550,2540,2530,2467.5,2439,2438,2497,2385,2395
"Jacksonville","FL","Jacksonville","Duval",12,,,,,,,,,650,637.5,665,704.5,725,725,725,725,725,699,695,710,725,727,718,700,695,700,710,725,725,715,695,675.5,699,695,750,790,799,811,811,813,815,845,850,860,860,860,860,870,870,870,875,875,885,880,880,885,890,895,895,895,895,895,899,900,925,860,839,825,825,850,842.5,868,900,900,896,900,900,895,900,882
"San Francisco","CA","San Francisco","San Francisco",13,,,,,,,,,,,,,1925,1950,1975,2100,2062.5,2200,2440,2600,2600,2600,2396.5,2550,2630.5,2610,2595,2650,2753,2750,2650,2700,2745,2750,2795,2795.5,2750,2800,2846,3000,2985,2992,2954,2950,2900,2995,3045,3104,3000,2995,3035,3250,3295,3270,3315.5,3350,3380,3355,3410.5,3495,3500,3495,3500,3500,3595,3495,3550,3503.5,3500,3479,3400,3616.5,3618,3600,3597.5,3601,3500,3450,3300,3305
"Indianapolis","IN","Indianapolis","Marion",14,,,,,,,,,,,,,,,,,,,575,623,621,520,592.5,621,625,590,543,528,525,549,550,580,580,580,554,549,569,575,569,570,535,535,549,592.5,597,575,565,549,540,537.5,550,550,565,565,565,575,580,575,575,565,585,599.5,662,675,659,660,650,699,699,723,709,709,709,729,739,765,725,739,715,760
"Austin","TX","Austin","Travis",15,,,,,,,,,,1000,1005,865,837.5,825,864.5,895,895,865,764.5,757,795,921,890,905,930,940,930,945,929.5,895,871,929,915,906,884,860,880,860,875.5,875,880,895,905,925,950,995,999,1000,979,1050,1104,1015.5,1000,1036,1036,1050,1044,1075,1015,1015,1050,1025,1070,1025,1025,1056,1075,1090,1095,1085.5,1094,1094,1094.5,1109,1100,1083,1100,1068,1080,1069
"Fort Worth","TX","Dallas-Fort Worth","Tarrant",16,,,,,,,,,,,,,,,,,,,,563,580,611,616,650,699,699,669,673,700,699,710,700,700,694,697,699,698,705,706.5,735,726,727,700,745.5,733.5,670,751,795,780,778,834,799,802,773,775,751,781,826,850,870,925,920,900.5,895,869,878,944,940,983.5,956,953.5,950,961.5,999,995,1039,1012,982,1050,1016
"Detroit","MI","Detroit","Wayne",17,,,,,,,,,,,,,,,,,,,,,,475,500,525,520,525,525,525,500,500,502,525,525,525,500,500,500,525,500,502.5,520,500,500,532,530,530,517.5,507.5,525,525,500,525,550,525,550,550,525,525,550,550,550,550,550,530,530,525,525,500,520,520,525,525,545,545,550,540,550,625,646.5,550
"Columbus","OH","Columbus","Franklin",18,,,,,,,,,,,,,,,,,,,,,,,,,,,,,,,,,,530,549,549,580,569,595,599.5,599,565,562,525,525,540,550,569,575,575,642.5,650,629.5,649.5,709,679,629,599,649,699,699,699,720.5,759,759,775,772,767,655,669,740,749,749,750,749,798.5,820,814,850,795
"Memphis","TN","Memphis","Shelby",19,,,,,,,,,,,,985,850,749.5,825,750,785,750,687.5,680,730,695,647,632.5,663.5,622,655,667.5,598.5,601,644,640,625,691,665,645,679,697,685,650,640,630,625,625,625,600,595,566,575,574,595,595,595,600,600,595,598.5,625,625,650,645,650,727.5,654,645,625,642.5,650,700,730,696,696,727.5,824,840,762,726,671.5,700,654
"Charlotte","NC","Charlotte","Mecklenburg",20,,,,,,,,,,,,,875,811.5,700,750,800,839,846,860,825,850,865,900,875,822,755,766,761,795,825,900,890,875,845.5,796,809,844,848,855,849.5,890,870,1019.5,983.5,925,925,950,927.5,915.5,930,999,1050,1000,1027,980,995,995,1000,1069,1012,1025,1060,1085,1039,1060,1050,1052.5,1050,1061,1025,1065,1202.5,1273,1190,1205,1230,1260,1155,1259.5
"El Paso","TX","El Paso","El Paso",21,,,,,,,,,,,,,,,,,,,,,,,,,,,,,,550,622,563,495,497.5,550,575,575,599,600,600,614,602.5,593,575,575,550,577,550,550,525,525,525,560,525,602.5,602.5,605,650,580,590,621,675,675,675,618.5,617,580,550,530,595,575,586.5,590,600,628,645,595,608,618,560
"Boston","MA","Boston","Suffolk",22,,,,,,,,,,,,1910,1850,1722.5,1675,1650,1650,1750,1850,2125,2175,2200,2100,1895,1800,1825,1800,1850,1800,1850,1900,2200,2048,2200,2200,2100,2000,1970,1950,1950,1950,2000,2000,2050,2100,2100,2095,2000,1980,1975,1995,1995,1995,1975,1995,1975,2000,2100,2100,2100,2100,2025,2050,2050,2020,2055,2095,2100,2150,2150,2150,2100,2050,2025,2000,2000,2000,1950,2000,1995
"Seattle","WA","Seattle","King",23,,,1100,1100,1195,1150,1175,1295,1325,1200,1088,975,995,995,995,1000,1050,1025,1107.5,1070,1117.5,1110,1100,1100,1177.5,1220,1251.5,1250,1325,1295,1308,1395,1430,1440,1427.5,1400,1450,1454,1450,1450,1445,1485,1477.5,1544,1484.5,1495,1555,1503,1495,1497.5,1554,1640,1695,1725,1706,1710.5,1656,1650,1643.5,1667,1700,1707,1706,1701,1711,1734.5,1750,1755,1740,1745,1736,1745,1750,1805,1795,1853,1800,1730,1815,1825
"Baltimore","MD","Baltimore","Baltimore City",24,,,,,,,,,,,,,,,,,,,,,,,,,,,,,,,,,,,,,,,,,,,,,,,,,,,,,,,,,1050,1057.5,1150,1100,1143.5,1225,1123.5,1100,1150,1210,1199,1160,1100,1100,1085,1058.5,1131.5,1174.5,1242.5,1177.5,1195,1135,1137,1177.5
"Denver","CO","Denver","Denver",25,,,,,,,,,,,,,,,1060,950,950,997.5,1095,1119.5,1100,925,950,925,957,1036,1055,1039,1050,1005,1055,1095,1095,1055,1100,1049,1110,1100,1120,985,990,1055,1095,1050,1055,1077,1218,1189,1150,1129,1200,1250,1225,1320,1399,1434.5,1397,1436.5,1421,1428,1450,1427.5,1450,1450,1475,1481,1500,1500,1460,1455,1455,1439.5,1450,1425,1385,1408,1398,1399,1495,1398.5
"Washington","DC","Washington","District of Columbia",26,,1750,1999.5,1850,1825,1900,1825,1900,1950,1950,2015,2091,2100,1950,2000,1950,1995,2100,2407,2350,2375,2200,2230,2251.5,2230,2260,2275.5,2300,2335,2315,2314,2315,2294.5,2300,2300,2305,2285,2260,2240,2113,2100,2090,2200,2099.5,2050,2089,2051.5,2100,2100,2035,2040,2090,2092,2100,2125,2094.5,2095,2100,2100,2100,2100,2139.5,2100,2095,2104.5,2139.5,2135,2178,2160,2154,2177,2170,2177,2170,2175,2180,2175,2080,2148,2150
"Nashville","TN","Nashville","Davidson",27,,,,,,,,,,,,,,,,,,,,,,,,,,,,,,,,,,,,,,,,,,,,,,,,,,,,,,,,,,,,1197.5,1272,1350,1281,1300,1175,1147.5,1295,1350,1375,1411.5,1372,1417,1400,1399,1395,1442.5,1495,1565,1400,1520
"Tucson","AZ","Tucson","Pima",28,,,,,,,,,,,,512.5,505,510,550,550,525,525,525,530,505,500,520,519,520,509,539,539,539,525,539,525,522.5,520,520,509,520,520,507,500,495,500,500,482.5,495,484,484.5,495,495,500,525,522.5,535,525,535,525,525,525,520,512,529,525,540,549.5,550,545,525,525,529.5,605,560,560,552,567.5,560,568,534.5,575,586,545
"Omaha","NE","Omaha","Douglas",29,,,,,,,,,,,,,,,,,,,,525,525,539,550,539,552,575,575,579,575,580,595,625,625,600.5,599,605,620,650,630,628,625,678,643,695,750,695,625,695,697,695,705,700,702.5,685,697,697,674.5,600,700,715,747.5,792.5,765,740,745,735,750,765,750,765,769,755,759,759,755,750,750,745,735,755
"Albuquerque","NM","Albuquerque","Bernalillo",30,,,,,,,,,,,,,,,,,,,,,,,,,,630.5,600,586,599,600,625,650,610,610,620,610,605,625,625,625,610,599,599,595,591,559.5,594,565,545,545,565,575,575,575,595,575,596,593,595,595,600,584,575,660,660,658,662.5,658,650,658,700,749,700,715,710,726.5,650,658,650,695
"Sacramento","CA","Sacramento","Sacramento",31,,,,,,,,,,,,695,695,695,650,725,685,725,695,697,695,675,690,694.5,690,695,695,687,694,692,775,795,800,887.5,849,770,850,792,809,750,730,750,757,750,750,750,750,750,750,750,760,775,775,780,795,795,800,825,795,795,825,830,861,872.5,895,895,950,949,925,950,999.5,1025,981.5,970,1030,1102.5,1027.5,1025,1025,1050
"Mesa","AZ","Phoenix","Maricopa",32,,,,,,,,,,,,554.5,566.5,579,588,575,600,575,550,550,565,565,587.5,587.5,594,600,599,619,585,559,575,595,597,599,599,593,589,599,608,595,595,599,599,600,593,609,626,629,637.5,677.5,684,620,650,667,620,599.5,620,630,599.5,599,609,627,639.5,642.5,649,639,639,627,650,650,709,691,695,715,699.5,693.5,720,758,715,763
"Long Beach","CA","Los Angeles-Long Beach-Anaheim","Los Angeles",33,,,,,,,,,,,,,1122.5,1147.5,987.5,975,975,1095,1095,975,895,900,922.5,995,995,1050,1000,995,995,995,1025,995,1025,1070,1045,1050,1050,1095,1065,1050,1050,1050,1075,1000,1000,1000,995,995,975,975,975,1082.5,1062.5,1025,1100,1050,1045,1025,1095,1100,1100,1100,1195,1195,1150,1100,1195,1247.5,1195,1250,1300,1295,1300,1370,1320,1300,1370,1410,1450,1395
"Kansas City","MO","Kansas City","Jackson",34,,,,,,,,,,,,,,,,,,,,,,,,,,,,,,,,,,,,,,,,,,,,,,800,699,722,689,704,700,725,671,700,685,675.5,678,675,689,692,729,729.5,750,750,759,730,755.5,749,732,717.5,725,730,820,795,819,820,841,802,775.5,845
"Virginia Beach","VA","Virginia Beach","Virginia Beach City",35,,,,,,,,,,,,880,887.5,895,930,995,934,949.5,995,965,1000,995,930,916,929,917,917,903,952.5,950,1121,1145,1151,1105,1110,1067.5,1091,1070.5,899,919,988.5,955,954,935,935,935,899,869,869,899,899,939,949.5,939,895,895,900,915,907.5,915,919,919,905,900,900,910,912.5,902.5,930,962,972.5,970,930,974,943,947,965,997,1045,1035
"Colorado Springs","CO","Colorado Springs","El Paso",36,,,,,,,,,,,,,,,,,,635,650,695,620,607,660,700,725,709.5,655,625,635,635,625,650,694,675,690,635,650,652.5,660,687.5,685,685,625,525,575,575,625,650,626,635,645,645,675,670,671.5,699,695,650,650,632,649,650,625,634.5,695,670,689,695,680,725,700,700,720,765,800,745,725,822.5,714.5,750
"Atlanta","GA","Atlanta","Fulton",37,1095,1085,1100,1100,1200,1200,1025,1000,1050,1057.5,1000,1000,1100,1050,1100,1100,1100,1021.5,1085,1000,1000,1040,1086,1015,1005,1009,1000,1008,1035,1060,995,992,992,955,919,950,927.5,1005,1062,1100,1120,1100,1134,1174,1180,1134,1160,1150,1150,1164,1200,1225,1205,1200,1244,1281,1250,1237.5,1235,1250,1289,1300,1300,1300,1353.5,1350,1386.5,1399,1375,1369,1355,1375,1356,1388,1409,1395,1436.5,1401,1419,1389
"Miami","FL","Miami-Fort Lauderdale","Miami-Dade",38,1500,1500,1540,1500,1500,1450,1450,1650,1600,1550,1575,1592.5,1580,1580,1550,1600,1600,1600,1650,1650,1650,1675,1695,1682.5,1690,1700,1700,1700,1700,1700,1700,1700,1700,1700,1750,1750,1800,1800,1800,1800,1850,1895,1900,1850,1850,1850,1850,1850,1850,1850,1800,1850,1859.5,1892.5,1900,1900,1875,1850,1875,1850,1900,1900,1950,1987,2000,2000,2000,2000,2000,2000,2000,2000,2000,2000,2000,1975,1950,1950,1900,1950
"Oakland","CA","San Francisco","Alameda",39,,,,,,,,,,,,,,,,,,,,,,,,,,,,,,,,,,,,,,,,,,,,,,,,,,,,,,,,,,,,,,,1895,1950,1925,2183.5,2275,2200,2195,2282,2300,2297.5,2300,2197.5,2295,2250,2285,2275,2300,2350
"Honolulu","HI","Urban Honolulu","Honolulu",40,,,,,,,,,,,,,,,,,,,,1500,1500,1485,1450,1475,1500,1500,1550,1500,1500,1500,1500,1550,1500.5,1662.5,1750,1600,1650,1650,1700,1750,1750,1650,1700,1700,1525,1600,1600,1600,1600,1550,1600,1700,1700,1650,1600,1600,1600,1700,1800,1800,1900,1900,1900,1884,1884.5,1875,1841,1800,1750,1712.5,1750,1737.5,1700,1750,1800,1800,1700,1650,1650,1650
"Minneapolis","MN","Minneapolis-St Paul","Hennepin",41,,,,,,,,,,,,,,,,,,,,,,,,,,,,,,,,,,,,,,,,,1395,1355,1405,1450,1250,1285,1195,1195,1250,1247.5,1295,1295,1275,1195,1300,1300,1295,1195,1177.5,1207.5,1275,1300,1295,1270,1350,1375,1439.5,1460,1468,1467,1423.5,1440,1424,1423,1440,1424,1347.5,1340,1425,1425
"Baton Rouge","LA","Baton Rouge","East Baton Rouge",42,,,,,,,,,,,,,,,,,,,,,,,,,,,,,,,,,,,,,,,,,,,,,,,,,,,,,,,,,,,,,,,,,,,,929,779,779,819,940,899.5,961,934.5,909,889.5,899.5,880,899
"New Orleans","LA","New Orleans","Orleans",43,,,,,,,,,,,,,,,,,,,,,,,,,,,,,,,,,,,,,,,,,,,,,,,,,,,,,,,,,,,1250,1200,1097.5,1150,1250,1400,1370,1450,1400,1350,1295,1250,1275,1300,1350,1283,1262.5,1262.5,1300,1200,1200,1290
"Arlington","TX","Dallas-Fort Worth","Tarrant",44,,,,,,,,,,,,,,,,,,,,500,526.5,539,525,539,565,579,575,600,585,565,565.5,585,599,601.5,595,591,595,611,615,625,615,604,632,649.5,622.5,599,642,667.5,650,652,650,668,669,665,665,671,671,660,665,650,650,705,745,732,727.5,750,773,780,765,807.5,840,802.5,805,820,810,795,785,812,815,849
"Raleigh","NC","Raleigh","Wake",45,,,,,,,,,,,,650,647.5,642.5,697,695,695,662,700,723,749,762,741,790,775,765,802,820,786,768,785,769,745,718,729,709.5,721,740.5,765.5,800,801,799,829,849,823,769,799,825,825,814.5,803,800.5,825,800,822,829,840,769.5,840,819,830,830,827.5,855,860,850,915,905,936,1080,1065.5,1097,1073.5,1120,1120,1102,1129,1120,1070,1089
"Wichita","KS","Wichita","Sedgwick",46,,,,,,,,,,,,,,,,,,,,,,,,,,,,,,,,,,,,,,,,,,,,,,,,,,,,,,,557.5,500,550,637.5,595,575,550,517.5,525,567,525,495,477,479,475,500,494,470,463,475,480,485,495,545,512.5,475
"Anaheim","CA","Los Angeles-Long Beach-Anaheim","Orange",47,,,,,,,,,,,,995,995,995,995,1025,1035,1037.5,1061,1065,1040,1110,1085,1100,1129,1140,1144.5,1140,1117.5,1135,1135,1135,1140,1150,1155,1145,1160,1160,1150,1170,1167.5,1165,1175,1175,1155,1220,1302.5,1210,1195,1195,1217.5,1250,1245,1235,1265,1285,1240,1257.5,1285,1250,1277.5,1300,1332.5,1372.5,1425,1435,1502.5,1478,1530,1577,1650,1676,1579,1610.5,1618,1627.5,1791.5,1883,1664,1694
"Aurora","CO","Denver","Arapahoe",48,,,,,,,,,,,,,,,,,605,597.5,697.5,700,671,670,690,695,705,761,820,787.5,765,800,795,749,765,719,730,737,739,775.5,775,717,710,725,725,750,750,775,786,800,790,785.5,800,902.5,952.5,904.5,885,935,920,846,876,909,949,955,966.5,1000,975,1000,1015,999,992,1149,1095,1080,1081,1070,1037,1047.5,1057.5,1082,1039,1057
"Saint Louis","MO","St. Louis","Saint Louis City",49,,,,,,,,,,,,,,600,605,645,655,575,525,525,550,595,595,599,595,595,602.5,700,664,650,675,599,599,599,599,595,625,625,650,599,595,625,600,582.5,600,625,630,585,625,625,650,600,625,600,650,695,695,644,699,730.5,730,700,750,750,725,700,700,712.5,675,700,675,675,695,725,750,740,750,740,710,725
"Corpus Christi","TX","Corpus Christi","Nueces",50,,,,,,,,,,,,,,,,,,,,,,,,,,,,,,,,,,,,,,,,,,,,,,,809.5,922.5,809.5,850,909,922,895,849,849.5,895,872.5,827.5,853,819.5,797.5,800,800,790,792.5,795,805,837.5,895,919,950,999,950,927.5,950,959,859,922.5,897,917.5
"Cincinnati","OH","Cincinnati","Hamilton",51,,,,,,,,,,,,,,,,,,,,,,,,,,,,,,,,,,,,,,,,,,,,,,,,517.5,510,550,550,550,595,547,570,550,550,545,550,550,550,595,595,600,600,600,595,625,595,675,645,610,625,650,695,695,660,672.5,675,725
"Riverside","CA","Riverside","Riverside",52,,,,,,,,,,,,,,,,850,885,815,815,825,837.5,805,810,895,868,851,815,825,825,850,825,825,855,910,895,875,865,855,855,825,792.5,810,800,775,795,832,825,800,800,800,850,895,857.5,875,895,865,850,900,879,887,905,975,1068.5,1094,1050,1045,1045,1090,1039.5,1102.5,1127.5,1143,1165,1154,1152,1172.5,1000,995,985,1065
"Marietta","GA","Atlanta","Cobb",53,,,,,,,,,,,,,,,,,,,,,,,,,,,,,,,,,,,,,,,,,,,,,,,,,,,,,746.5,772.5,756,799,875,799,858,904,858,838.5,868,880,885.5,890,901.5,900,865,887,900,875.5,887,900,876,885,880.5,883,850,905
"Anchorage","AK","Anchorage","Anchorage",54,,,,,,,,,,,,,,,,,,,,,,,,,,,,,,,,,,,,,,,,,,,,,,,,,,,,,995,960,975,1000,905,1040,950,950,957.5,985,995,950,975,925,940,970,917,925,985,980,972.5,995,925,975,900,975,1000,900
"Toledo","OH","Toledo","Lucas",55,,,,,,,,,,,,,,,,,,,,,449,449,460,435,450,472.5,442.5,450,475,456,435,432,435,460,460,450,449,450,445,437.5,445,435,440,430,430,435,435,430,440,430,430,475,475,479,475,435,459.5,450,437.5,420,435,440,465,449,465,402.5,410,442.5,465,475,475,475,435,435,425,425,400,450,475,435
"Silver Spring","MD","Washington","Montgomery",56,,,,,,,,,1167,1100,1172,1179,1220,1250,1236,1238,1231,1355,1320,1360,1200,1287.5,1332,1252.5,1258,1440,1466,1560,1560,1560,1597.5,1605,1635,1575,1614.5,1617,1591,1597.5,1573,1538,1575,1526,1550,1415,1520,1449,1542.5,1575,1580,1580,1580,1575,1615,1652.5,1645,1635,1630,1574.5,1597,1620,1650,1600.5,1600.5,1588,1558,1550,1564,1564,1564,1510,1480,1544,1544,1529,1539,1550,1525,1514,1488.5,1564.5
"Lexington","KY","Lexington","Fayette",57,,,,,,,,,,,,,,,,,,,,,615,640,635,620,615,630,655,635,650,655,635,640,642.5,645,590,592.5,640,650,655,654,654.5,615,589,580,630,685,640,590,625,625,650,715,685,730,759,732,719,680,680,655,632,650,687.5,719,719,719,719,720,642.5,730,735,735,740,734,722,735,739.5,795,750,745
"Newark","NJ","New York","Essex",58,,,,,,,,,,,,,,,,,,,,,,,,,,,,877.5,880,800,800,800,825,797,750,800,800,825,825,800,800,825,800,800,790,775,800,797.5,795,800,800,850,850,800,800,825,800,814,850,870.5,850,850,850,850,875,886.5,885,895,890,875,900,899,895,850,875,875,875,950,945,880
"Tallahassee","FL","Tallahassee","Leon",59,,,,,,,,,,,,,,,,,,,,,,,617.5,625,650,658.5,625,650,650,709,709.5,650,685,707.5,637.5,650,670,695,686,686,650,595,557,525,505,550,550,550,550,560,560,555,550,550,499,550,550,595,567.5,599,550,575,595,595,597,610,600,622,550,550,625,625,625,625,650,636,625,615,575,650
"Plano","TX","Dallas-Fort Worth","Collin",60,,,,,,,,,,,,,,,,789,789,789,734,750,757.5,765,788,792.5,796,804,815,789,794,816,805,807,835,830,842,880,870,852.5,856,895,900,889.5,879,889,909,901.5,899,901.5,895,905.5,925,929,968.5,946,927,900,890,939,950.5,967,930,920,950,960,980,1001.5,1020,1005,1029,1037,1035,1025,1049,1067,1039,1062,1080,1069,1075,1207
"Buffalo","NY","Buffalo","Erie",61,,,,,,,,,,,,,,,,,,,,,,,,,,,,,,,,,,,,,,,,,,,,,,,,,,,,,,,,,,,,,,,,,,1200,1195,1260,1200,1160,1260,1260,1200,1260,1290,1250,1150,950,900,916
"Chandler","AZ","Phoenix","Maricopa",62,,,,,,,,,,,,,,,,,,732,747,735,735,749,772,782,750,780,776.5,779,760,762,778.5,796.5,794,791,784,784,780,774,764,769,777,782,778,778,794,780,792,805,820,814,824.5,832.5,828.5,812.5,832,822.5,832,855,830,859.5,846.5,844.5,866,882,894,891,899,893.5,895,955.5,949,962.5,950,970,1000,971,966.5,1005,957,973.5
"Louisville","KY","Louisville/Jefferson County","Jefferson",63,,,,,,,,,,,,,,,,,,,,,,,,,,,,,,,,,,,,,,750,750,667,650,675,699,700,675,697,700,675,750,750,800,920,800,850,790,750,705,707.5,740,710,699,700,697,700,750,722.5,735,712.5,700,740,702.5,725,725,750,750,750,775,850,750,775
"Jersey City","NJ","New York","Hudson",64,,,,,,,,,,,,,,,,,,,,,,,,,,,2072.5,1975,1915,1875,1800,1950,2119.5,2052.5,2233.5,2200,2100,2000,1950,1995,2070,2000,2000,1950,1950,1995,2000,1960,1850,1800,1815,1955,1900,1967.5,2000,1940,1900,1700,1745,1900,2000,1950,2000,1975,1980,2070,2105,2085,2100,2115,2160,2075,2070,2000,2000,1950,2000,2110,1995,2100
"Lubbock","TX","Lubbock","Lubbock",65,,,,,,,,,,,,,,,,,,,,,,,,,,,,,,,,,,,,,,,,,,,,,,,,,,,,,,,,,,,,,551,635,635,635,616,596,608,559,576.5,579,577.5,575.5,603,605,575,578.5,591,608,582,575
"Glendale","AZ","Phoenix","Maricopa",66,,,,,,,,,,,,,,,,,,,,,,,,,,,,,,,,,,,,,,,,,,,,,,,,,,,,,,,,,,,,,,,,,,,,,677,695,699,698,712,751,738.5,677,710.5,735,712.5,771
"Orlando","FL","Orlando","Orange",67,,,,,,,,,,,,,700,695,717.5,695,700,700,750,755,750,775,775,775,760,775,780,799.5,800,800,800,760,800,791,786,800,781.5,800,786,811,799,806,816,810,809,825,825,805,825,812.5,825,851.5,850,825,850,859,835,805,850,869.5,850,875,905,899,855,935,960,969,998,1039.5,1056,1043.5,1005,1009,1034.5,1050,1050,1050,1045,1089
"Norfolk","VA","Virginia Beach","Norfolk City",68,,,,,,,,,,,,,,,,,,,,,,,,,,,,,,,,,,,,,,,,,,,910.5,775,750,730,750,800,825,825,800,800,865,895,775,750,725,795,825,757.5,795,750,797,857.5,945,895,900,927.5,930,943,895,825,800,895,945,922.5,899,910,899.5,895
"Saint Petersburg","FL","Tampa","Pinellas",69,,,,,,,,850,837.5,812.5,750,700,700,712.5,712.5,725,700,700,700,725,730,750,745,745,700,700,702,720,700,700,750,781,779,795,774,729,772,770,750,700,675,692,695,710,725,725,719,725,717,712,700,725,750,750,750,750,775,775,759,795,812,800,800,825,850,824,800,809.5,838,885,855,840,875,895,895,895,939,995,895,850
"Pensacola","FL","Pensacola","Escambia",70,,,,,,,,,,,,,534.5,525,450,512.5,544,550,550,525,550,577,565,590,589.5,584.5,550,525,525,525,525,549,582,575,559,575,590,592,590,590,590,590,614.5,602.5,595,550,539.5,529,537.5,550,565,575,600,612.5,600,650,650,650,695,650,650,674.5,679,672.5,670,672.5,650,665,645,695,655,695,670,725,725,710,795,802.5,745,842.5
"Greensboro","NC","Greensboro","Guilford",71,,,,,,,,,,,,,,,,,,,,,,,,519,537.5,549,554,529,550,560,550,625,583,579,587.5,575.5,596,584.5,573,574,601,595,585,635,565,575,565,565,565,550,550,572,575,575,575,550,562.5,587.5,607.5,615,595,585,575,550,575,575,599,602,587,599,625,625,626,610,656,629,629,659,638,612
"Lincoln","NE","Lincoln","Lancaster",72,,,,,,,,,,,,,,,,,,,,,,,,,,,,,,,,,,665,677.5,695,705,700,675,715,685,682.5,700,725,715,715,700,700,700,680,695,730,720,737.5,750,712.5,715,750,750,725,730,710,725,750,757,777.5,790,775,742.5,735,750,740,750,775,800,799,730,722.5,750,755
"Corona","CA","Riverside","Riverside",73,,,,,,,,,,,,,,,,,,,,,,,,1095,1047,1060,1025,1035,1025,1070,1037.5,1076,1017.5,1050,1040,1012.5,1010,995,975,950,1020,1005,1050,1085,1095,1065.5,1100,1100,1100,1100,1100,1109,1120,1150,1145,1150,1145,1172.5,1172.5,1100,1112.5,1132.5,1145,1212.5,1242.5,1185.5,1230,1195,1200,1156,1229,1260,1200,1297,1304.5,1238,1259,1320,1288,1333
"Garland","TX","Dallas-Fort Worth","Dallas",74,,,,,,,,,,,,,,,,,,,,,,,,,,,,,718.5,675,675,667,659,641,659,645,672.5,675,670.5,675,670,659,724,770.5,762,710,762,762,725,725,669.5,659.5,655,675,683.5,683.5,660.5,661,648.5,665,670,706,738,740,759,759,738,740,727.5,800,774,910,956.5,955,1010,950,935,932.5,935,985.5
"Fort Myers","FL","Fort Myers","Lee",75,,,,,,,,,,,,,,,,,650,675,662.5,677.5,632,647.5,605,595,650,650,600,650,650,650,650,650,650,664.5,645,649,635,682.5,689,690,679,675,622,616,650,650,702.5,688,683.5,685,700,707.5,730,772,775,775,800,794.5,750,788,800,841,836,795,845,850,879,885,943,900,932,933,933,939.5,954,939.5,972,1003.5,950,1025
"Knoxville","TN","Knoxville","Knox",76,,,,,,,,,,,,,,,,,,,,,,,,,,,,,,,,,,,,,,,,,,,,,,,,,,,,,680,670,639,613,602.5,584.5,600,620,617.5,645,621,615,645,674.5,630,642.5,600,600,590,575,597,617.5,625,670,650,607.5,623,680
"Fremont","CA","San Francisco","Alameda",77,,,,,,,,,,,,,,,,,,,,,,,,,1350,1354,1354,1377.5,1425.5,1332.5,1400,1425,1535,1530,1585,1492,1610,1671,1585,1563,1563,1577.5,1738,1630,1700,1700,1732,1700,1679,1835,1846,1905,1900,1985,1851,1940,1935,1909,1917,1850,2004.5,2016,2192,2162.5,2198,2165,2207,2198,2127,2185,2141,2200,2210,2211.5,2180,2241,2255,2277,2110.5,2171
"Fayetteville","NC","Fayetteville","Cumberland",78,,,,,,,,,,,,,,,,,,,,,,,,,,,,,,,,,,,,,,,,,,,,,,,619,619,625,599.5,605,619,622,640,619,597.5,619,640,619,565,580,550,558.5,575,605,557.5,525,525,542.5,525,515,505,485,525,585,600,582.5,585,560,535
"Springfield","MO","Springfield","Greene",79,,,,,,,,,,,,,,,,,,,,,414,405.5,395,400,405,450,415,400,417.5,417.5,415,435,435,435,435,434.5,444.5,450,435,450,450,450,450,450,425,449,450,450,449,447,449,450,475,475,475,462.5,450,475,450,475,475,475,475,475,475,450,450,457,459,495,459,459,495,495,495,495,497.5,450,497.5,475
"Arlington","VA","Washington","Arlington",80,,,,,,,,,,,,,,,,,,,,,,2170,2135,2049.5,2050,2100,2125,2100,2141.5,2135,2108,2095,2091,2052.5,2080,2050,1951,1973,1997,1955,1989,1929,1900,1905,1900,1855.5,1873.5,1915,1912,1905,1915,1945,1970,1962.5,1949,1915,1870,1865,1890,1880,1889,1920,1912,1915,1900.5,1894,1927,1926,1932.5,1940,1915,1919,1935,1950,1985.5,1978,1965,1900,1969,1932
"Rochester","NY","Rochester","Monroe",81,,,,,,,,,,,,,,,,,,,,,,,,,,,,,,,,,,,,,,,,,,,750,725,737.5,795,699,675,667.5,725,725,650,695,735,725,695,725,737.5,735,650,650,650,695,725,725,725,700,700,725,695,697,700,723.5,700,695,727.5,750,725,750,700
"Irvine","CA","Los Angeles-Long Beach-Anaheim","Orange",82,,,,,,,,1580,1492.5,1525,1590,1590,1592.5,1590,1575,1582.5,1600,1530,1510,1500,1507.5,1533,1526,1500,1540,1562.5,1517.5,1525,1510,1535,1577.5,1730,1745,1707.5,1665,1620,1675,1700,1695,1690,1690,1652.5,1649.5,1660,1675,1700,1725,1710,1680,1670,1680,1715,1730,1750,1770,1810,1813,1800,1815,1805,1790,1780,1785,1765,1765,1765,1760,1800,1835,1850,1854,1875,1895,1900,1875,1890,1865,1870,1895,1900
"Oxnard","CA","Ventura","Ventura",83,,,,,,,,,,,,,,,,,,,,,,,,,,,,,,,,,,,,,,,,,,,,1245,1225,1250,1359,1308,1187.5,1175,1250,1280,1350,1316,1369,1320,1313.5,1425,1380,1400,1606,1576,1579,1645,1630,1648,1485,1450,1399,1501,1525,1560,1620,1654,1667,1665,1619.5,1550,1451,1534
"Bradenton","FL","North Port-Sarasota-Bradenton","Manatee",84,,,,,,,,,,,,,650,600,600,600,600,600,600,600,600,694,750,750,774,779,755,750,699,700,700,700,650,700,692.5,656,687,675,686,700,690,750,719,690,700,760,797,800,817.5,839,844.5,730,747.5,761.5,743,750,750,792.5,798,795,795,852.5,916,936,893.5,882.5,855,869,928,951.5,990,1041,995,1000.5,998,1062,950,975,1049,988
"Santa Rosa","CA","Santa Rosa","Sonoma",85,,,,,,,,,,,,,,,,,,,,,,,,,,,,,,,,,,,,,,,,,,,,,,,,,,,,,,,,,,,,,,1421.5,1473,1395,1409,1495,1415,1447.5,1372.5,1549.5,1589.5,1599,1599,1584,1559,1692,1500,1462,1669.5,1645
"Des Moines","IA","Des Moines","Polk",86,,,,,,,,,,,,,,,,,,,,,,,,,,,,,,,,,,,,,,,,,,,,,,,,,,,,,,,,,,,,,,,,,,,635,672.5,652.5,670,725,725,757,757,757,757,748.5,725,754,757
"Reno","NV","Reno","Washoe",87,,,,,,,,,,,,595,550,550,525,525,500,525,539,595,599,592,588,575,587,595,595,595,537.5,575,557.5,575,550,550,550,599,595,595,595,575,550,600,600,620,589,600,547.5,550,560,580,580,600,550,550,600,595,595,600,599.5,599,620,650,625,600,599,625,650,650,650,695,700,675,685,650,695,685,695,725,675,675
"Spokane","WA","Spokane","Spokane",88,,,,,,,,,,,,,,,,,,,,495,517.5,495,495,495,545,550,550,550,505,485,485,495,505,525,550,550,550,545,525,525,499,505,499,460,455,500,510,507.5,515,525,525,530,499,550,567.5,547.5,545,530,590,585,575,590,590,575,570,550,555,550,565,555,575,575,575,575,585,575,575,580,625,625
"Augusta","GA","Augusta","Richmond",89,,,,,,,,,,,,,,,,,,,,,,,,,,,,,,,,,,,,,,,,,,,,,,,,685,685,695,693,727,676,654,694,695,650.5,695,675,595,635,635,650.5,650,650,617,638.5,675,676.5,700,745,697.5,725,700.5,700,655,672,610,636.5,640.5
"Tacoma","WA","Seattle","Pierce",90,,,,,,,,,,,,,,,,,725,650,625,650,675,699,700,695,695,720,703.5,695,700,695,715,710,712.5,730,735,745,725,725,740,752.5,750,745,757,734,767.5,747.5,775,700,775,755,850,865,855,855,855,815,832.5,795,790,797.5,822.5,850,806,935,912.5,900,1013.5,910,925,932.5,930,895,890,915,965,947,950,1087.5,1045,1100
"Grand Rapids","MI","Grand Rapids","Kent",91,,,,,,,,,,,,,,,,,,,,,,,,,,,,,,,,,,,,,,,,,,,,,,,,,,,,,,,,650,650,725,670,695,675,737.5,795,700,662.5,725,725,725,762.5,800,835,750,750,862.5,950,925,828.5,912.5,807.5,897.5
"Oceanside","CA","San Diego","San Diego",92,,,,,,,,,,,,,,,,,,,,,,,,,,,,,,,,,,,,,,,,,,,,,,,,,,,,,,,1511,1425,1297,1232,1287.5,1280,1287.5,1450,1375,1375,1365,1375,1362.5,1372.5,1395,1395,1400,1451.5,1439,1430,1435,1450,1417.5,1395,1500,1495
"Woodbridge","VA","Washington","Prince William",93,,,,,,,,,,,,,,,,,,,,,1190,1156.5,1149,1180,1179,1201,1210,1181.5,1185,1210,1244,1225,1196,1163.5,1199,1276,1288,1283,1345.5,1310,1269,1368,1363,1250,1250,1219,1186,1167,1166.5,1200,1224,1253,1217,1250,1169.5,1180,1150,1179,1172.5,1177,1210,1215,1237,1205,1250,1275,1260,1255,1226,1200,1207,1222,1255,1253,1227,1210,1245,1239,1286.5,1235
"Boise","ID","Boise City","Ada",94,,,,,,,,,,,,,,,,,,,,,,,,570,575,575,575,565,565,575,585,585,595,595,605,595,610.5,649.5,625,625,595,595,595,550,550,575,550,550,550,555,575,585,575,625,595,575,600,612.5,595,600,625,625,625,600,600,650,650,650,657.5,662.5,650,700,725,677,675,650,675,675,650,700
"Salt Lake City","UT","Salt Lake City","Salt Lake",95,,,,,,,,,,,,,,,,,,,,,,,,,,,,,,,,,,,,,,,,700,695,697,699,699,682,684,680,709.5,702,700,700,700,700,700,700,720,710,705,725,725,722.5,765,770,765,800,830,790,795,812,879.5,850,880,851,854,850,922,850,800,809.5,928
"Huntington Beach","CA","Los Angeles-Long Beach-Anaheim","Orange",96,,,,,,,,,,,,,,,,,,1430,1500,1500,1450,1400,1476,1428,1431,1378,1378,1412.5,1447.5,1444,1405,1445,1389,1373,1375,1365,1362.5,1439,1450,1450,1499.5,1432.5,1438,1480,1468,1462,1463.5,1455,1455,1455,1475,1595,1595,1600,1595,1650,1650,1652,1668.5,1652,1664,1665,1600,1675,1660,1665,1792.5,1750,1740,1726,1716,1735,1740,1755,1815,1750,1797.5,1672,1808,1800
"Worcester","MA","Worcester","Worcester",97,,,,,,,,,,,,,,,,,,900,875,875,895,895,850,825,825,899,867,850,879,925,985,992,950,935,935,900,935,930,935,950,935,900,935,895,900,862.5,950,950,950,900,900,922.5,950,950,995,1000,975,995,900,890,975,950,995,995,985,1000,925,900,950,950,925,950,995,1000,997.5,1050,975,1075,975,1100
"Little Rock","AR","Little Rock","Pulaski",98,,,,,,,,,,,,,,,,,,,,,,,,,,,,,,,,,,,,,,,,,,,,,,,,,,,,,,,785,645,652,654,765,749,697.5,700,675,686.5,695,678,697.5,725,737.5,750,750,750,700,669.5,695,695,725,672,720,685
"Providence","RI","Providence","Providence",99,,,,,,,,,,,,,,,,,,,,,,,,,,,,,,,,,,,,,,,,,,,,,,1300,1440,1300,1300,1250,1200,1250,1300,1275,1272.5,1312,1295,1349,1375,1350,1350,1250,1250,1295,1250,1300,1300,1285,1125,1200,1200,1240,1295,1322.5,1350,1450,1300,1365,1250,1475
"Fort Collins","CO","Fort Collins","Larimer",100,,,,,,,,,,,,,,,,,,,,,,,,,,,,,,,,,,,,,,,,,,,,,,,,,,,,,,,,,,,,,,,,,,950,1070,1097.5,1110,1201,1151,1151,1173,1189.5,1150,1168,1101,995,1060,1025
"Yonkers","NY","New York","Westchester",101,,,,,,,,,,,,,1225,1200,1295,1250,1225,1225,1200,1200,1200,1200,1200,1200,1150,1162.5,1200,1200,1200,1200,1150,1225,1200,1200,1200,1200,1200,1200,1200,1200,1200,1200,1200,1275,1262.5,1250,1277.5,1275,1280,1250,1250,1280,1275,1300,1300,1300,1299,1325,1350,1350,1350,1350,1362.5,1450,1400,1400,1400,1350,1350,1350,1397.5,1450,1400,1400,1400,1395,1375,1450,1400,1400
"Fort Lauderdale","FL","Miami-Fort Lauderdale","Broward",102,,,,,,,,,,,,,1200,1200,1200,1200,1199.5,1195,1100,1100,1100,1200,1200,1100,1100,1200,1165,1100,1135,1150,1190.5,1150,1175,1197.5,1175,1150,1200,1206,1300,1275,1200,1200,1150,1150,1150,1100,1135,1125,1100,1100,1100,1150,1200,1200,1150,1200,1293,1250,1250,1300,1400,1400,1397,1395,1400,1350,1375,1399.5,1400,1500,1450,1450,1400,1500,1400,1450,1300,1362.5,1350,1425
"Columbus","GA","Columbus","Muscogee",103,,,,,,,,,,,,,,,,,,,,,,,,,,,,,,,,,,,,,,,,,,,,,,,,,,,,,,,,,,,,627.5,575,664,699,713,721,695,714,675,704.5,714,722,750,710,731,731,731,725,728,718.5,677.5
"Ontario","CA","Riverside","San Bernardino",104,,,,,,,,,,,,,,,,,,,,,,,,,,,,,,,,,,,,,,,,,,,,,,,,,,,,,,,,1149.5,1073,1200,1105,1125,1167.5,1195,1135,1215,1210,1175,1172.5,1227.5,1167.5,1252.5,1410,1322,1480,1426,1510,1250,1355,1359,1319,1418
"Rancho Cucamonga","CA","Riverside","San Bernardino",105,,,,,,,,,,,,,,,,,,,,,995,1025,1165,1207,1176,1211,1206,1221,1212,1240,1244,1200,1274,1224.5,1225,1229,1203,1244.5,1236,1200,1200,1200,1200,1277.5,1279,1281.5,1330,1315,1284,1332,1319,1318.5,1269.5,1285,1299,1317,1328.5,1339,1328,1324,1339,1333,1339.5,1350,1345,1365,1373,1378.5,1381.5,1425,1449,1461,1410,1549,1481.5,1491.5,1562,1525,1575,1450
"Overland Park","KS","Kansas City","Johnson",106,,,,,,,,,,,,,,,,,,,,,,,,,,,,,,,,,,,,,,,,,,,,,,,,,,,,,,,,,,,,,817.5,820,825,877.5,887.5,847,953.5,1027,918.5,870,859.5,868,867,856,858,855,890,858,893,905
"Newport News","VA","Virginia Beach","Newport News City",107,,,,,,,,,,,,,,,,,,,,,,,,,,,,,,,,,,,,,,,,,,,,,,,,,,,,,,,,,,,,799,805,839.5,826.5,826.5,827.5,830,792.5,799.5,759,745,799,808,815,849,849,849,795,851.5,799.5,795
"Sioux Falls","SD","Sioux Falls","Minnehaha",108,,,,,,,,,,,,,,,,,,,,,,,,,,,,,,,,,,,,,,,,,,,,,,,,,,,,,,,,,605,622.5,630,687.5,690,695,720,705,675,630,685,730,715,795,740,772.5,825,825,735,742.5,715,745,714,760
"Vancouver","WA","Portland","Clark",109,,,,,,,,,,,,,,,,,,,,,,,,,,,,,,,,,,,,,,,,,,,,,,,,,,,,,,,,,,,,,,,,,,974,995,1000.5,1025,1002.5,1037,1037.5,1010,1058,1068,1086.5,1085,1050,1032.5,1060
"Pembroke Pines","FL","Miami-Fort Lauderdale","Broward",110,,,,,,,,,,,,900,900,912.5,900,895,900,950,950,950,925,950,972.5,900,900,1050,1050,1025,1025,1035,1050,1050,1095,1090,1072.5,1075,1100,1100,1100,1065,1050,1050,1037.5,1050,1050,1050,1075,1081,1081,1086,1100,1075,1100,1100,1100,1100,1100,1100,1107.5,1100,1100,1150,1175,1100,1150,1215,1250,1225,1215,1243,1250,1200,1200,1200,1250,1276,1243,1268.5,1280,1300
"Naperville","IL","Chicago","Du Page",111,,,,,,,,,,,,,,,,,,,,,,,,,,,,,,,,,,,,,,,,,,,,,,,,,,,,,,,1150,1122,1082,1129,1125,1107.5,1079,1089.5,1079,1079,1195,1259.5,1225,1225,1200,1245,1222,1232,1250,1228,1200,1201,1200,1173,1200,1150
"Fairfax","VA","Washington","Fairfax",112,,,,,,,,,,,,,,,,,,,,,,1655,1450,1662.5,1589,1525,1558,1546,1562.5,1569.5,1512,1505,1555,1517.5,1584,1584,1555,1530,1554,1634,1745,1535,1585,1672.5,1484.5,1475,1479,1525,1495,1482,1489,1499.5,1521,1552.5,1548,1537,1502.5,1497,1498,1484.5,1495,1500,1529,1529,1555,1560,1560,1552.5,1540,1519.5,1516.5,1550,1583.5,1599,1555,1560,1592.5,1575,1549,1571.5
"Santa Clarita","CA","Los Angeles-Long Beach-Anaheim","Los Angeles",113,,,,,,,,,,,,,,,,,,,,,,,,,1149,1340,1325,1340,1350,1320,1385,1445,1405,1395,1410,1375,1440,1440,1450,1435,1460,1330,1340,1435,1405,1420,1395,1395,1417.5,1423,1430,1452.5,1405,1440,1480,1500,1505,1485,1505,1525,1499,1485,1530,1532.5,1535,1530,1535,1550,1565,1570,1550,1589,1600,1694.5,1665,1620,1605,1657.5,1704,1699.5
"Boynton Beach","FL","Miami-Fort Lauderdale","Palm Beach",114,,,,,,,,,,,,,799,850,847.5,922,850,858,866,850,837,850,900,950,925,950,920,900,917.5,920,900,920,957,955,973,970,993,970,951.5,1000,1010,1090,1099.5,1117,1100,1169,1150,1125,1150,1143,1099.5,1070,1000,1150,1150,1147.5,1100,1126,1090,1125,1150,1160,1150,1185,1185,1175,1164.5,1200,1250.5,1250,1239.5,1250,1275,1275,1272,1255,1229,1252,1251,1255
"Hollywood","FL","Miami-Fort Lauderdale","Broward",115,,,,,,,,,,,,1300,1300,1290,1275,1350,1262.5,1337.5,1300,1300,1300,1300,1300,1200,1250,1250,1199,1200,1225,1242.5,1200,1100,1112.5,1200,1200,1200,1262.5,1250,1275,1350,1300,1300,1350,1325,1350,1300,1395,1200,1100,1050,1050,1200,1150,1200,1150,1250,1237.5,1250,1250,1250,1400,1395,1350,1350,1400,1400,1400,1400,1450,1475,1485,1500,1500,1500,1400,1375,1393,1382,1450,1500
"Lakewood","CO","Denver","Jefferson",116,,,,,,,,,,,,,,,,,,,,702.5,689,689,699.5,660,755,790,815,875,875,980,999,980,865,855,872,852,901,955,945,888,890,897,896,870,886,924.5,982,1049,1035,1077.5,1117,1089,1117,1110,1120,1175,1160,1152.5,1183,1188,1188,1199,1190,1199,1279,1279,1302,1279,1212.5,1360,1370,1390,1369,1370,1360,1266,1450,1270,1205,1330
"Alexandria","VA","Washington","Alexandria City",117,,,,,,,,1445,1412.5,1425,1379,1412.5,1400,1425,1450,1475,1492.5,1500,1597.5,1600,1625,1430,1390,1331.5,1441,1545,1505,1530,1555,1592.5,1575,1499.5,1475,1475,1465,1480,1480,1503,1520,1577.5,1645,1635,1675,1650,1650,1627,1622.5,1625,1595,1595,1625,1625,1605.5,1650,1650,1650,1625,1600,1600,1630,1650,1695,1700,1700,1700,1668.5,1686,1700,1650,1665,1600,1580,1648,1659,1628,1615,1625,1650,1684,1641.5
"Sunnyvale","CA","San Jose","Santa Clara",118,,,,,,,,,,,,,,,,,,,,,,,,1550,1680,1693,1602.5,1630,1801.5,1809.5,1895,1842,1830,1765,1765,1765,1765,1789,1800,1962,1915,1997.5,1995,1863,1895,1939,1993.5,2044,2040,1997.5,2152,2160,2189,2309,2360,2273,2266.5,2230,2355,2400,2421,2475,2350,2430,2451,2502,2543,2512,2426,2473,2495,2575,2600,2610,2601.5,2557,2650,2701,2430.5,2504
"Charleston","SC","Charleston","Charleston",119,,,,,,,,,,,,,,,,,,,,,,,,,,,,,,,,,,,,,,,,,,,,,,,,,,,,,1350,1250,1300,1200,1183.5,1162,1200,1175,1200,1250,1350,1300,1201,1250,1202,1357.5,1365,1269,1319,1300,1300,1365,1308,1340,1309,1353,1330,1264.5
"Bridgeport","CT","Stamford","Fairfield",120,,,,,,,,,,,,,,,,,,,,,875,900,885,900,900,912.5,975,900,900,975,1000,1000,950,962.5,887.5,900,950,950,950,950,950,975,950,950,975,950,1050,950,925,900,925,962.5,1000,1000,900,900,900,950,950,950,950,875,875,950,1000,975,975,995,1050,1100,1075,1025,1050,1050,1150,1095,1050,1000,1050,1050
"Eugene","OR","Eugene","Lane",121,,,,,,,,,,,,,,,,,595,585,615,625,570,585,600,595,595,615,595,595,600,600,595,575,595,595,595,597.5,625,625,625,600,600,625,625,625,625,625,625,625,625,635,645,650,645,650,695,625,650,650,650,625,625,645,650,650,695,700,705,725,750,795,740,750,765,750,795,795,725,750,725,765
"Round Rock","TX","Austin","Williamson",122,,,,,,,,,,,,,,,,,,,740,734,765,795,795,775,765,765,765,745,749,765,810,820,810,808,805,815,795,809,805,810,820,812,820,848,832,832,848,856.5,856,865,865,858,880,862.5,862.5,882,891.5,880,880,870,860,860,860,865,882,884,884,890.5,904,973,995,940,921.5,930,925,914,891,922,894,925
"Hampton","VA","Virginia Beach","Hampton City",123,,,,,,,,,,,,,,,,,,,,,795,807,747,782.5,846,846,780,755,795,775,801.5,777,790,735,735,758,730,775,782,785,765,700,700,695,685,675,685,695,695,700,725,700,700,700,745,750,749,749,750,775,765,775,775,770,755,775,752.5,750,750,825,802,815,799,814.5,830,830,805,815,825,805
"Pasadena","CA","Los Angeles-Long Beach-Anaheim","Los Angeles",124,,,,,,,,,,,,,,,,,,,,,,,,,,,,,,,,,,,,,,,,,,,,,,,,,,,,,1911,2000,1995,1971,1919,1957.5,1955,1865,1991,1974,1940,1965,2007,1960,2003,1985,1979,1915,1960,2005,2005,2061,2045,1985,2024.5,2127,1969,1976
"Torrance","CA","Los Angeles-Long Beach-Anaheim","Los Angeles",125,,,,,,,,,,,,,,,,,,,,,,1232.5,1197.5,1197.5,1200,1175,1175,1200,1137.5,1195,1237.5,1285,1325,1312.5,1200,1250,1250,1275,1300,1325,1330,1295,1284.5,1275,1275,1250,1285,1295,1275,1295,1297.5,1295,1297.5,1312.5,1295,1247.5,1250,1250,1295,1337.5,1337.5,1325,1300,1300,1295,1300,1325,1395,1400,1450,1450,1475,1450,1450,1562.5,1495,1550,1475,1450,1450
"Tyler","TX","Tyler","Smith",126,,,,,,,,,,,,,,,,,,,,,,,,,,,,,,,,,,,,,,,,,,,,,,,,,,,,,816,757,700,718.5,720,752,773,782,794,799,745,779.5,789,762,732,725,743,727,708,725,712.5,739,763,746.5,762.5,739,753,769
"McKinney","TX","Dallas-Fort Worth","Collin",127,,,,,,,,,,,,,,,,,,,,,,,,,,,,,,,,,,,,,,,,,,,,,,,,858,850,850,869,827.5,880,900,893,866,881,902.5,914,873,871,875,900,919.5,964,938,930,949,952.5,934,929,933,945,934.5,918,970,951,1033,1020,1000
"Renton","WA","Seattle","King",128,,,,,,,,,,,,,,,,,,,,,,,,,,,,,,,,,,,,,,,,1125,1150,1046,995,932,895,965,1055,1114.5,999,1084.5,1160,1197.5,1245,1200,1185,1095,1092.5,1195.5,1215,1187,1188.5,1280,1195,1330.5,1295,1290,1295,1323,1287,1225,1284.5,1270,1256,1296,1305,1314,1440.5,1320,1332.5,1342.5
"New Haven","CT","New Haven","New Haven",129,,,,,,,,,,,,,,,,,,1250,1325,1300,1225,1225,1262.5,1300,1225,1225,1212.5,1250,1250,1290,1250,1200,1150,1100,1100,1030,1050,1150,1200,1250,1245,1225,1200,1150,1200,1195,1195,1150,1137.5,1170,1150,1225,1197.5,1195,1100,997.5,950,1075,997.5,1050,1050,1210,1250,1200,1200,1150,1175,1100,1050,1150,1095,1072.5,1100,1275,1275,1250,1124.5,1250,1250,1100
"Bloomington","IN","Bloomington","Monroe",130,,,,,,,,,,,,,,,,,,,,,,,,,790,820,865,955,925,837.5,879,866,838,825.5,817,797.5,797.5,821.5,843,821,775,735,620,620,665,750,750,750,665,665,717.5,750,767.5,800,800,800,750,675,675,680,740,740,777.5,675,675,665,660,705,765,675,700,680,675,669,677.5,725,715,720,789.5,765
"Miramar","FL","Miami-Fort Lauderdale","Broward",131,,,,,,,,,,,,,1050,1050,1100,1000,1050,1100,1150,1100,1100,1085,1100,1100,1075,1100,1100,1100,1100,1100,1100,1140,1100,1100,1140,1105,1175,1155,1175,1200,1195,1175,1200,1175,1175,1180,1199,1212.5,1200,1199.5,1200,1200,1200,1200,1200,1200,1200,1275,1250,1250,1275,1250,1300,1350,1305,1350,1350,1275,1300,1300,1350,1325,1328.5,1330,1300,1300,1365,1356,1300,1350
"Coral Springs","FL","Miami-Fort Lauderdale","Broward",132,,,,,,,,,,,,,850,895,895,850,850,875,890,875,875,882,890.5,900,900,950,910,950,975,964,930,960,935,930,945,950,975,964,960,975,975,950,950,947.5,950,950,925,925,950,950,950,990,950,975,975,975,975,950,975,1000,1000,1040,1080,1095,1052.5,1080,1077.5,1100,1065,1050,1052.5,1100,1100,1100,1110,1100,1147.5,1150,1145,1150
"Stamford","CT","Stamford","Fairfield",133,,,,,,,,,1609,1600,1611.5,1560.5,1775,1767.5,1820,1904,1872.5,1800,1700,1592.5,1600,1520,1500,1600,1700,1720,1742.5,1645,1675,1675,1700,1650,1765,1744,1725,1830,1822,1849,1854,1867,1847,1870,1839.5,1750,1650,1612.5,1600,1600,1605,1600,1700,1790,1750,1795,1895,1765,1762.5,1750,1795,1765,1840,1852.5,1887.5,1915.5,1880,1905,1895,1925,1850,1900,1862.5,1850,1845,1800,1865,1925,1855,1895,1890,1850
"Savannah","GA","Savannah","Chatham",134,,,,,,,,,,,,,,,,,,,,,,,,,,,,,,,,,,,,,,,,,,,,,,,,,,,,,,,,,,,,,,,,,995,900,955,1000,950,885,830,895,933.5,944,930,980,950,944,931.5,1086
"Frisco","TX","Dallas-Fort Worth","Collin",135,,,,,,,,,,,,,,,,,,,790,761.5,769,836.5,840,827,880,890,870,825,889.5,870,856,899,929,897,856,895,903.5,910,895,900,905.5,918,916.5,929,895,987,959,960,939.5,934,970,896.5,985,1065,879,885,889,1024.5,1057,1048,900,890,949.5,985,1042,1050,1069,1069.5,1060,1025,1025,1050,1065,1074.5,1084,1129,1116,1129,1147,1139
"Billings","MT","Billings","Yellowstone",136,,,,,,,,,,,,,,,,,,,,,,,,,,,,,,,,,,,,,,,,,,,,,,,,,,595,595,550,570,545,575,575,575,575,585,550,550,612.5,625,590,585,585,575,550,575,590,557.5,572.5,595,585,600,590,575,550,610,644.5
"Allentown","PA","Allentown","Lehigh",137,,,,,,,,,,,,,,,,,,,,,,,684,700,825,790,712.5,835,740,725,755,725,734.5,700,695,675,667.5,680,700,725,700,680,650,690,650,650,675,695,690,682.5,675,695,675,650,700,687.5,700,715,735,740,750,750,727,750,750,785,727,725,750,785,875,842.5,759,790,797.5,825,795,795,795,905
"Independence","MO","Kansas City","Jackson",138,,,,,,,,,,,,,,,,,,,,,,,,,,,,,,,,,,,,,,,,,,,,,,,,,,,,,,,,,,,,,,,,,,,,,615,625,632.5,622.5,615,605,615,625,600,660,579,607.5
"Santa Clara","CA","San Jose","Santa Clara",139,,,,,,,,,,,,,,,,,,,,,,,,,,,,,,1791,1750,1700,1712,1698.5,1725,1695,1722,1826.5,1814.5,1931,1868.5,1977.5,1982,1851,1892,1776,1831,1895,1825,1801,1866,1958.5,2194,2245,2195,2199,2122.5,2107.5,2111,2182,2195,2342,2326.5,2310,2314,2355.5,2395,2314,2300,2216,2239,2335,2295,2379.5,2395,2337,2350,2419,2398,2398
"Cary","NC","Raleigh","Wake",140,,,,,,,,,,,,,,,,,,,,,,,,657.5,690,769,764.5,743.5,736,730,750,765,775,785,818.5,790,788,799,805,830,817.5,849,862,959,959,850,841,849,849,865,852,849,860,849.5,839,786,778,817.5,819,829,819,845,849.5,869,907,869,869,872,950,884,899,899,909,905,927.5,947,939,967,949,1035
"Conroe","TX","Houston","Montgomery",141,,,,,,,,,,,,,,,,,,,,,,,,,,,,,,,,,,,,,,,,,,,,,,,,,,,,,,,,,,,,,,,,,,,922,958,888.5,888.5,911,915,933.5,939,915,907,995,999,897.5,985
"Falls Church","VA","Washington","Fairfax",142,,,,,,,,,,,,,,,,,,,,,,,1390,1470,1475,1454.5,1495,1475,1425,1450,1450,1495,1430,1425,1425,1414,1399,1425,1445,1445,1459,1424.5,1400,1400,1395,1380,1395,1395,1400,1400,1397.5,1400,1400,1400,1440,1418,1407.5,1400,1415,1499,1517,1517,1500,1450,1507,1501,1500,1500,1521,1550,1550,1550,1552,1500,1539,1595,1550,1625,1595,1595
"Denton","TX","Dallas-Fort Worth","Denton",143,,,,,,,,,,,,,,,,,,,605,610,615,619,615,625,650,680,645,655,697,655,629,673.5,681,665,642.5,669,650,669,674,743,743,743,743,743,743,743,743,743,719,729,729,743,743,743,741,743,755,795,764.5,800,794.5,777.5,750,743,743,743,750,743,743,747,750,755,750,757,750,769.5,818.5,785,745,799
"Thornton","CO","Denver","Adams",144,,,,,,,,,,,,,,,,,,,,,,,,,,,,,,,,,,,,,,,,,,,,,,,,,,,,,,,,,,,,,,1043,1030,1082,1065,1135,1115,1124,1198,1175,1126.5,1073.5,1095,1177.5,1203,1221.5,1184.5,1185,1178,1304.5
"Frederick","MD","Washington","Frederick",145,,,,,,,,,,,,,,,,,,,,,,,,,,,,,,,,,,,,,,,,,,,,,,,,,,,,,,1255,1288,1275.5,1209,1199,1215,1225.5,1225.5,1197.5,1217,1280,1255,1282,1199,1195,1241,1235.5,1217.5,1200,1195,1242,1099,1127.5,1085,1125,1107.5,1015
"Westminster","CO","Denver","Adams",146,,,,,,,,,,,,,,,,,,,,,,,,,,,,,,,,,,,,,,,,,,,,,,,,,,,,,,,,,,,,,,,,,,,,,1141.5,1136,1130,1185,1155,1161.5,1135.5,1166,1136,1196,1191,1196
"Costa Mesa","CA","Los Angeles-Long Beach-Anaheim","Orange",147,,,,,,,,,,,,,,,,,,,,,,1407,1374,1399,1432.5,1435,1432.5,1435.5,1455,1465,1465,1460,1407.5,1475,1399,1437,1450,1497.5,1464,1430.5,1437,1440,1400,1381.5,1401,1411.5,1450,1450,1445,1450,1540.5,1526,1472,1490,1550,1604,1811,1817,1820,1785,1780,1715,1700,1707.5,1705,1729,1740,1745,1723,1788,1783.5,1739,1840,1795,1819,1802.5,1820,1809,1765,1800
"Manchester","NH","Manchester","Hillsborough",148,,,,,,,,,,,,779,829,827,795,797,829,764.5,809,825,809,809,799,799,804,822,829,819,769,769,769,825,849,859,819,825,795,800,820,822.5,779,800,850,849.5,840,800,824.5,850,864.5,849,850,849,847,845,860,849.5,852.5,865,870,849,845,835,899.5,874,890,900,879,875,867.5,850,825,849,847.5,939,959,949.5,939,954.5,900,1042.5
"Ventura","CA","Ventura","Ventura",149,,,,,,,,,,,,,,,,,,,,,,,,,,,,,,,,,,,,,,,,,,,,,,,,,,,,,,,,1330,1285,1200,1302.5,1450,1450,1450,1450,1490,1495,1457.5,1350,1470,1450,1425,1490,1500,1375,1395,1422.5,1475,1450,1475,1450,1569
"Lowell","MA","Boston","Middlesex",150,,,,,,,,,,,,,,,,,1000,1000,1000,950,899,895,899,925,958.5,950,926,925,910,910,970,970,970,992.5,995,975,967,995,995,1050,1050,1100,1100,1100,1100,1050,1050,1050,1022.5,1050,1050,1077.5,1100,1107.5,1100,1100,1100,1050,1050,1050,1090,1091.5,1050,1080,1100,1125,1155,1155,1199,1225,1200,1217,1221,1250,1250,1100,1200,1050,1230,1212.5
"Cambridge","MA","Boston","Middlesex",151,,,,,,,,,,,,,,,,,,,,2200,2200,2300,2300,2386.5,2400,2300,2140,2120,2167.5,2200,2275,2300,2500,2450,2400,2350,2400,2393,2350,2240,2250,2300,2345,2350,2386,2350,2350,2350,2300,2250,2250,2242,2290,2300,2300,2300,2335,2360,2300,2300,2300,2240,2290,2300,2300,2300,2310,2395,2350,2300,2295,2253,2250,2300,2300,2300,2310,2315,2300,2395
"Burbank","CA","Los Angeles-Long Beach-Anaheim","Los Angeles",152,,,,,,,,,,,,,,,,,,,,,,,,,,,,,,,,,,,,,,,,,,,,,,,,,,,,,,,,,,1450,1595,1475,1525,1522.5,1595,1425,1645,1595,1595,1500,1547.5,1655,1675,1662.5,1595,1595,1595,1650,1587.5,1637.5,1600,1650
"Everett","WA","Seattle","Snohomish",153,,,,,,,,,,,,,,,,,,,,,725,725,735,750,817.5,922.5,880,830,790,820,850,850,860,885,885,874.5,900,900,905,860,845,855,845,825,850,822.5,875,930,950,940,925,965,950,899,880,895,937.5,940,905,899.5,945,947.5,945,975,947.5,950,986,995,1025,1046,1025,1030,1037,1050,1000,1059.5,1090,1065,1062,1072
"Clearwater","FL","Tampa","Pinellas",154,,,,,,,,,800,725,733.5,746,750,725,819,850,800,725,750,800,812.5,785,764,757,800,809.5,850,825,822,799,769,759,749,749,759,759,750,779,815,779,768.5,750,771,750,775,729,850,883.5,825,845,850,876,850,850,850,899,850,855,875.5,859,850,977.5,999,990,917,927,927,918,825,952,1122,1027.5,978.5,975,951.5,945,1027,894.5,1000,912.5
"Wilmington","NC","Wilmington","New Hanover",155,,,,,,,,,,,,,,,,,,,,,,,,,,,,,,,,,,,,,,,,,,,,,750,750,750,725,775,749,749,749,725,705,700,749,749,749,749,687.5,777,795,775,760,735,735,750,791,790,764.5,794,808.5,850,854,852,811.5,836.5,847,848.5,895
"Pompano Beach","FL","Miami-Fort Lauderdale","Broward",156,,,,,,,,,,,,825,850,850,895,875,855,850,885,897.5,895,875,875,900,875,925,900,900,900,895,899.5,900,900,900,900,900,900,900,900,950,925,900,900,925,950,950,950,950,932.5,950,950,950,950,950,950,950,950,950,950,1000,950,1037.5,1100,1150,1050,975,1000,1000,997,999.5,1000,1000,1000,1100,1100,1100,1075,1200,1197.5,1280
"Carlsbad","CA","San Diego","San Diego",157,,,,,,,,,,,,,,,,,,,1695,1700,1697.5,1570,1632.5,1450,1457.5,1530,1540,1557.5,1565,1530,1481,1529.5,1492,1500,1530,1530,1500,1474.5,1473,1475,1450,1530,1612.5,1650,1550,1450,1550,1515,1450,1450,1450,1647.5,1685,1572.5,1700,1742.5,1668,1673,1697.5,1950,1800,1875,1700,1770,1795,1770,1805,1835,1850,1800,1835,1790,1775,1920,1750,1895,1731.5,1500,1738.5,1852.5
"Lewisville","TX","Dallas-Fort Worth","Denton",158,,,,,,,,,,,,,,,,,,,661,665,679,692,699,700,716,732,699,731.5,727.5,699,679,687,686,700.5,718,740,710,746,755,772,753,772,769,825,825,825,820,795,780,790,812.5,835,836.5,780,839,839,812,810.5,779.5,819.5,789,760,780.5,826,870,883,877,885,875,920,985.5,927,894,891,905,939,975,970,966.5,989.5
"Beaverton","OR","Portland","Washington",159,,,,,,,,,,,,,,,,,,,,,,,,,,,,,,,,,,,,,,,,,,,,,880,872,850,850,850,865.5,860,862,870,885,929.5,915,931,938.5,964.5,964.5,957,958,955,1020,1050.5,1114,1138,1142.5,1125,1255,1280,1215,1202.5,1179.5,1160,1152,1180,1149,1197.5,1093
"West Palm Beach","FL","Miami-Fort Lauderdale","Palm Beach",160,,,,,,,,,,,,,,,,,,,,,,,,,,,,,,,,,,,,,,,,,,,,,,,,1010,975,950,950,950,950,1000,1025,1097.5,1037.5,1050,1050,1000,1000,1000,1100,1155,1200,1187.5,1225,1225,1246,1200,1200,1246,1280,1295,1302.5,1300,1350,1325,1300,1195
"San Mateo","CA","San Francisco","San Mateo",161,,,,,,,,,,,,,,,,,,,,,,,,,,,,,,,,2094.5,2066.5,1880,1975,1950,1933,1951,1960,1963,2132,2200,2100,2100,2240,2090,2139,2117,1974.5,1993.5,2092,2335,2400,2395,2365,2294,2286,2458,2395.5,2383,2396,2426,2411,2550,2560,2571,2699,2675,2650,2431.5,2491.5,2620,2647.5,2609,2658,2498,2527,2549,2375,2500
"Sandy Springs","GA","Atlanta","Fulton",162,,,,,,,,,,,,,,,,,,,860,877,795,799,889,800,797,758,765,780,793.5,800,752.5,748.5,743,743,750,765,752.5,759,755,795,799,801,795,781.5,877,850.5,864,965,952,1009,1050,986,1088,1000,1025,955,1000,1030,1034.5,1060,1071,1082,1032,1001,1032.5,1019,1043.5,1039,1055,1138,1200,1164,1091,1116.5,1105,999,979,999,958,999
"Richardson","TX","Dallas-Fort Worth","Dallas",163,,,,,,,,,,,,,,,,,,,,,,,,,,,,,,,,,,,,,,,,,,,,,,,,,,,,,,,,,,,,,1024.5,1059,1082.5,1080,1110,1070,1085,1085,1192,1179,1159.5,1175,1212.5,1185,1220,1129,1176,1253,1194,1203
"Laurel","MD","Washington","Prince Georges",164,,,,,,,,,,,,,,,,,,,,,,,,,,,,,,,,,,,,,,,,,,,,,,1195,1173.5,1223.5,1200,1200,1263,1408.5,1312,1301,1250,1285,1335,1314,1257,1225,1190,1190.5,1200,1235,1232.5,1240,1225,1232.5,1224,1239,1255,1249,1262,1268,1270,1273,1200,1248,1225,1294
"West Chester","PA","Philadelphia","Chester",165,,,,,,,,,,,,,,,,,,,,,,,,,,,,,,,,,,,,,,,,,,,,,,,,,,,,,,,,,1299.5,1300,1400,1400,1382,1269.5,1349,1372,1400,1390,1300,1268,1200,1292.5,1187,1250,1259,1345,1366,1307.5,1325,1342.5,1322.5,1360
"Columbia","MD","Baltimore","Howard",166,,,,,,,,,,,,,,,,,,,,,1200,1325,1400,1325,1296.5,1292,1276,1281,1271,1268,1290,1340,1285.5,1279,1253,1249,1277,1268.5,1288,1290,1243,1218,1254,1259.5,1247,1295,1290,1269,1257.5,1315,1360,1325,1345,1280,1282.5,1277,1269,1260,1257.5,1257.5,1347.5,1370,1425,1403,1350,1344,1380,1375,1360,1395,1360,1390,1389.5,1372.5,1350,1360,1432.5,1340,1312.5,1350
"Newton","MA","Boston","Middlesex",167,,,,,,,,,,,,,,,,,,,,,,,,,,,,,,1500,1500,1600,1700,1600,1550,1485,1550,1575,1550,1575,1650,1672.5,1650,1700,1700,1675,1650,1620,1650,1620,1650,1650,1690,1700,1700,1700,1700,1692.5,1675,1675,1665,1650,1650,1695,1700,1775,1900,1750,1825,1750,1700,1750,1750,1700,1750,1700,1750,1750,1765,1750
"Brockton","MA","Boston","Plymouth",168,,,,,,,,,,,,,,,,,,,,,,,,,900,899,900,900,950,937.5,950,950,962.5,950,950,950,950,950,975,975,975,975,975,975,997.5,992.5,1000,992.5,1000,1012.5,1050,1000,1025,1025,1025,1025,1025,1025,1000,1025,1037.5,1007.5,1025,1012.5,1000,1050,1025,1000,1000,1000,1025,1025,1025,1012.5,1000,1012.5,1000,1000,1012.5,1025
"Mission Viejo","CA","Los Angeles-Long Beach-Anaheim","Orange",169,,,,,,,,,,,,,,,,,,,,,,,,,,1315,1325,1290,1360,1317.5,1337.5,1325,1430,1397.5,1380,1377.5,1417.5,1417.5,1405,1500,1389,1444,1380,1500,1560,1427.5,1430,1515,1510,1402.5,1459,1457,1469.5,1500,1545,1555,1589,1560,1569.5,1565,1635,1640,1599.5,1672.5,1709.5,1670,1660,1650,1709,1719,1687,1724,1747.5,1795,1764.5,1756.5,1839,1741,1789,1831
"Centennial","CO","Denver","Arapahoe",170,,,,,,,,,,,,,,,,,,,,,,,,,,,,,,,,,,,,,,,,,,,,,,,,,1059.5,1084,1100,1200,1200,1272.5,1309.5,1265,1217.5,1267.5,1305.5,1301,1330,1359,1387.5,1387.5,1379,1339,1314,1346,1350,1397,1344.5,1369,1247,1302,1314,1330,1259,1290,1369,1362
"Lawton","OK","Lawton","Comanche",171,,,,,,,,,,,,,,,,,,,,,,,,,,,,,,,,,,,470,450,445,395,430,395,425,450,425,385,350,350,350,350,350,350,350,350,375,375,395,447.5,450,430,415,445,415,445,425,420,447.5,450,447.5,450,465,450,450,450,475,450,450,450,450,509,450,450
"Highlands Ranch","CO","Denver","Douglas",172,,,,,,,,,,,,,,,,,,,,,,,,,,,,,,,,,,,,,,,,,,,,,,,,,,,,,,,,,,,,1288.5,1292.5,1206,1336,1326,1386,1430,1365,1362,1361,1350,1395.5,1368,1355,1360,1355,1357,1387,1324,1330,1351
"Hillsboro","OR","Portland","Washington",173,,,,,,,,,,,,,,,,,,,,,,,,,,,,,,,,,,,,,,,,,,,,,,965,965,975,1030,1010,1040,1030,1065,1052.5,1020,1047,1055,1065,1020,1020,1092,1145,1125,1188,1327,1281.5,1285,1295,1289,1362,1399,1398.5,1409,1412.5,1406,1405,1429,1445,1330,1339.5
"Champaign","IL","Champaign-Urbana","Champaign",174,,,,,,,,,,,,,,,,,,,,,,,,,,,,,,,,562.5,575,575,575,600,575,565,557.5,575,575,587.5,565,545,550,585,585,577.5,580,592.5,600,570,545,550,535,562.5,600,600,550,600,600,600,605,602.5,597.5,570,597.5,595,600,595,580,595,595,600,600,600,612.5,572.5,600,615
"Santa Monica","CA","Los Angeles-Long Beach-Anaheim","Los Angeles",175,,,,,,,,,,,,,,,,,2200,2035,2195,2190,2400,2347.5,1997,2145,2150,2150,2320,2224,2375,2450,2500,2375,2200,2180,2216.5,2312.5,2200,2204,2307,2400,2370,2595,2475,2475,2445,2195,2400,2420,2360,2300,2320,2595,2552.5,2572.5,2540,2600,2639,2500,2500,2595,2650,2620,2595,2653,2800,3001,2962.5,2997,3049,2797.5,2745,2950,3200,3200,2900,2950,3000,2765,2900,3002.5
"Plantation","FL","Miami-Fort Lauderdale","Broward",176,,,,,,,,,,,,,950,950,935,900,945,950,950,990,960,960,950,986.5,1014,1021,1000,1000,1035.5,1047,1102,1077,1050,1070,1077.5,1100,1110,1075,1050,1058,1049.5,1099,1087.5,1000,1025,1050,1070,1100,1100,1127,1150,1150,1189.5,1150,1150,1150,1155,1155,1168,1172,1200,1200,1200,1251,1250,1250,1250,1250,1249,1265,1297.5,1300,1318,1301,1283.5,1319.5,1261,1289,1238.5,1275
"Miami Beach","FL","Miami-Fort Lauderdale","Miami-Dade",177,1700,1600,1650,1600,1600,1487.5,1500,1600,1650,1700,1800,1562.5,1500,1500,1500,1500,1500,1500,1500,1500,1585,1600,1600,1600,1600,1600,1700,1750,1700,1689,1700,1690,1650,1650,1650,1650,1650,1700,1709,1700,1700,1750,1750,1750,1750,1800,1800,1800,1800,1775,1750,1800,1800,1800,1780,1700,1700,1750,1790,1800,1800,1800,1850,1900,1950,1880,1850,1850,1900,1900,1950,1990,2000,1900,1853,1800,1824,1800,1800,1750
"Herndon","VA","Washington","Fairfax",178,,,,,,,,,,,,,,,,,,,,,,1357.5,1472,1623.5,1432.5,1395,1400,1440,1438,1379,1435,1481.5,1497.5,1530,1462.5,1445,1466,1475,1465,1490,1504,1509,1506,1379,1454.5,1409,1400,1419,1399.5,1399,1399,1395,1411,1450,1502.5,1431,1425,1427.5,1434,1429,1426,1450,1470,1473,1484,1470,1470.5,1456,1450,1449.5,1450,1450,1475.5,1516,1519,1496,1502,1500,1485,1524.5
"Boulder","CO","Boulder","Boulder",179,,,,,,,,,,,,,,,,,,,,,,,,,,,,,,,,,,,,,,,,,,,,,,,,,,,,,,,,,,,,1412,1560,1450,1350,1300,1425,1500,1650,1625,1497.5,1450,1462.5,1500,1500,1500,1495,1475,1495,1425,1515,1548
"Norwalk","CT","Stamford","Fairfield",180,,,,,,,,,,,,1500,1500,1500,1475,1350,1475,1300,1475,1600,1600,1569.5,1500,1487.5,1487.5,1630,1680,1650,1625,1575,1535,1495,1560,1686,1700,1804,1800,1680.5,1755,1600,1598,1700,1725,1550,1565,1605,1625,1550,1690,1630,1612.5,1645,1650,1650,1650,1650,1600,1625,1700,1715,1650,1600,1600,1600,1675,1695,1720,1685,1677.5,1770,1770,1765,1760,1750,1740,1720,1827,1700,1595,1780
"Germantown","MD","Washington","Montgomery",181,,,,,,,,,,,,,,,,,,,,,,,,,,,,,,,,,,,,,,,,,,,,,,,,,,,,,,,,,,,,,,,,,,,,,1359,1379,1437.5,1450,1450,1438.5,1527,1363.5,1250,1231,1317,1205
"Santa Barbara","CA","Santa Maria-Santa Barbara","Santa Barbara",182,,,,,,,,,,,,,,,,,,,,,,,,,,,,,,,,,,,,,,,,,,,,,,,,,,,,,,,,,,,,,,,,,,,,1950,1925,1912.5,1887.5,1875,1875,1900,1900,1895,1875,1875,1790,1780
"Kent","WA","Seattle","King",183,,,,,,,,,,,,,,,,,,,,,,,,,,,,,,,,,,,,,,,,,,,,,750,775,775,775,772.5,775,850,825,904,926,925,958,950,955,947.5,933,928.5,945,960,957.5,960,1009,1016.5,1009,972,972.5,995,1032.5,1015.5,1067,1110,1095,1115,1080,1085,1080
"Redwood City","CA","San Francisco","San Mateo",184,,,,,,,,,,,,,,,,,,,,,,,,,,,,,,,,,,,,,,,,,,,,,,,,,,,,,,,,,,,2783,2875,2799.5,2755,2651,2645.5,2670,2666.5,2737,3092.5,3015,2843,3182,3305,3382.5,3379,3391.5,3333,3480,3180,3117.5,2965.5
"Quincy","MA","Boston","Norfolk",185,,,,,,,,,,,,,1200,1300,1300,1252,1300,1297.5,1395,1404,1400,1491,1409,1355,1399,1450,1458,1458,1500,1475,1597.5,1642,1699,1710.5,1545.5,1502,1495,1535,1535,1502.5,1465,1483,1500,1500,1450,1500,1483,1450,1460,1450,1510,1538,1550,1572,1585,1550,1550,1550,1503,1525,1539,1450,1490,1550,1540,1600,1600,1585,1585,1623,1628,1650,1629,1665,1700,1675,1655,1683.5,1600,1690
"Arden-Arcade","CA","Sacramento","Sacramento",186,,,,,,,,,,,,,,,,,,,646,650,650,650,650,650,670,685,675,670,660,675,730,695,699,735,735,675,695,700,689,675,650,669.5,695,675,675,677.5,675,695,695,695,695,677.5,695,675,680,750,690,700,695,680,682.5,705,725,750,750,750,695,767.5,795,820,834,800,775,795,845,825,795,825,855,800
"Parker","CO","Denver","Douglas",187,,,,,,,,,,,,,,,,,,,,,,,,,,,,,,,,,,,,,,,,,,,,,,,,,,,,,,,,,,,,,,1326.5,1345,1347.5,1384,1377,1378,1350,1276,1302.5,1353,1332.5,1221,1235,1272.5,1220,1286,1272,1332,1315
"Glen Burnie","MD","Baltimore","Anne Arundel",188,,,,,,,,,,,,,,,,,,,,,,,,,,,,,,,,,,,,,,,,,,,,,,,,,,,,,,,,,,,967,965,1049,999,980,988,1005,1005,999,999,1005,1007,1027,1037,1040,1072.5,1097.5,1105,1159.5,1140,1100,1045
"Ashburn","VA","Washington","Loudoun",189,,,,,,,,,,,,,,,,,,,,,,,,,,,,,,,1378,1352.5,1331,1352.5,1307,1325,1318,1330,1367,1379,1393,1422,1440,1399.5,1367,1329.5,1322,1325,1329.5,1346,1365,1371,1373,1395,1484.5,1382,1329.5,1315,1346,1346,1339,1339.5,1343.5,1376,1369,1350,1357,1373,1345,1359,1308,1336.5,1350,1444.5,1470,1475,1470,1470,1397,1412
"Walnut Creek","CA","San Francisco","Contra Costa",190,,,,,,,,,,,,,,,,,,,,,,,,,,,,,,,,,,,,,,,,,,,,,,,,,,,,,,,,2081.5,2076.5,2073,1875,1875,1963,2014,1956,1864.5,1800,1950,2100,2212.5,2300,2175,2500,2580,2561.5,2359.5,2410,2245,2130,2247,2013,2027
"Town 'n' Country","FL","Tampa","Hillsborough",191,,,,,,,,,,,,,,,,,,,,,,770,722.5,788,808.5,801,788,843,849,850,849,858,860.5,839,834.5,850,847,856.5,837,826.5,812,746.5,785,819,827,860,897.5,873.5,889,889,882,874,859.5,869,869,875,877,854.5,850,875,897.5,901.5,900,927,921,911.5,950,945,954.5,959,978.5,969,969,951.5,984,1019,1019,989,1067,1029
"Arlington Heights","IL","Chicago","Cook",192,,,,,,,,,,,,,,,,,,,,,,,,,,,,,,,,,,,,,,,,,,,,,,,,,,,,,,,,,1362.5,1350,1424.5,1390,1387.5,1420,1375,1439,1425,1425,1455,1460,1425,1402,1395,1380,1342.5,1335,1425,1425,1323.5,1375,1318.5,1375
"Mountain View","CA","San Jose","Santa Clara",193,,,,,,,,,,,,,,,,,,,,,1605,1720,1679,1734,1773,1770,1794,1804,1825,1850,1909,1905,1906,1872,1830,1780,1848.5,1968.5,1959,1968,1999,2009,2009,2075,2022,2085,2151,2199.5,2160.5,2060,2195,2292.5,2330,2400,2400,2439.5,2384,2395,2381,2428,2556,2550,2680.5,2895,2917,2877.5,2795,2706,2672.5,2621,2545,2608,2548.5,2625.5,2516.5,2646.5,2550,2721,2500,2376
"Evanston","IL","Chicago","Cook",194,,,,,,,,,,,,,,,,,,,,,,,,,,,,,,,,,,,,,,,,,,,,,,,,,,,,,,,,,,,,1175,1200,1150,1175,1177.5,1195,1175,1197.5,1195,1230,1295,1260,1295,1295,1272.5,1235,1235,1250,1225,1225,1225
"Redmond","WA","Seattle","King",195,,,,,,,,,,,,,,,,,,,,,,,,,,1355,1365,1382.5,1357.5,1350,1365,1392,1245,1228,1207,1273.5,1327,1264.5,1345,1345,1434,1410,1399,1385,1400,1410.5,1456,1474.5,1474.5,1458,1455,1512.5,1585,1595,1651,1548,1509,1498.5,1481,1515,1531,1545,1570,1566,1587,1668,1669,1647,1662.5,1623,1610,1626.5,1691.5,1745,1753,1750,1725,1610,1692,1677
"Somerville","MA","Boston","Middlesex",196,,,,,,,,,,,,,,,,,,,,,,,,,,,,,,,,,,,,,1895,1850,1775,1600,1600,1650,1685,1700,1700,1662.5,1612.5,1650,1700,1700,1750,1700,1750,1875,1800,1800,1800,1825,1717.5,1700,1700,1800,1850,1850,1875,1900,1850,1800,1785,1750,1750,1800,1800,1862.5,1900,1950,1900,1900,1895,1937.5
"Largo","FL","Tampa","Pinellas",197,,,,,,,,,,,,,,,,,,,,,,,,,,,,,,,,,,,,,,,,,,,,,,,,,,,,,,,,,,,,,,,,,818,795,795,800,825,895,897.5,880,855,895,869,906,870,809,811,825
"Wilmington","DE","Philadelphia","New Castle",198,,,,,,,,,,,,,,,,,,,,,,,,,,,,,,,,,,,,,,,,,,,,,,,,,,,,,,,,,,,1100,950,1042,990,1099,1132.5,1158,1090,1077,995,950,1050,925,1017.5,975,1030.5,1041,1196,1113.5,1169,1159,1206
"New Rochelle","NY","New York","Westchester",199,,,,,,,,,,,,,,,,,,,,,,,,,,,,1600,1700,1575,1624,1569,1700,1665,1722.5,1735,1772.5,1750,1705,1721.5,1695,1500,1450,1475,1450,1400,1399,1350,1385,1395,1395,1399,1400,1460,1450,1399,1400,1399,1399,1400,1450,1400,1450,1450,1450,1475,1495,1500,1500,1595,1512.5,1500,1550,1500,1500,1495,1550,1550,1595,1595
"La Mesa","CA","San Diego","San Diego",200,,,,,,,,,,,,,,,,,,,,,,,,,,,,,,,,,,,,,,,,,,,,,,,,,,,,,,,,,,,1270,1295,1262.5,1306,1275,1285,1465,1315.5,1350,1324.5,1350,1265,1250,1318,1437,1432,1375,1438,1467,1466,1497,1445
"Pleasanton","CA","San Francisco","Alameda",201,,,,,,,,,,,,,,,,,,,,,,,,,,,,,,,,,,,,,,,,,,,,,,,,,,,,,,,,,,,,,,,,,,,,,2134.5,2217.5,2215,2220.5,2140,2235,2275,2315,2235,2209,2401,2253
"Framingham","MA","Boston","Middlesex",202,,,,,,,,,,,,,,,,,995,975,975,995,1050,1050,1050,1050,1101,1075,1125,1060,1150,1150,1164,1170,1191.5,1175,1220,1182.5,1187,1229,1224,1263,1250,1250,1261.5,1242,1250,1250,1200,1185,1205,1190,1250,1177.5,1250,1250,1250,1250,1250,1250,1250,1250,1250,1250,1212.5,1200,1300,1350,1256.5,1300,1350,1418,1350,1350,1400,1648,1506,1450,1421.5,1450,1450,1410
"Lauderhill","FL","Miami-Fort Lauderdale","Broward",203,,,,,,,,,,,,,750,750,750,750,757.5,800,800,800,800,800,800,782.5,800,800,800,762,775,787.5,825,850,850,827.5,830,800,825,830,850,850,825,850,825,850,825,825,800,800,830,842.5,850,850,850,850,825,850,850,875,875,862.5,850,900,862.5,900,885,897.5,897.5,900,900,900,900,940,925,950,895,950,1000,950,1000,925
"Kirkland","WA","Seattle","King",204,,,,,,,,,,,,,,,,,,,,,,,,1150,999,988,975,1050,1010,1095,1032,1088,1250,1197.5,1100,1150,1226.5,1275,1332.5,1277.5,1417,1502.5,1449,1450.5,1493,1450,1495,1595,1511,1543,1575,1530,1700,1667,1610,1610,1602.5,1682.5,1590,1592,1569,1536.5,1578.5,1652.5,1720,1690,1725,1670,1634,1482,1589.5,1671,1700,1716,1719.5,1794,1838,1679,1695.5,1641
"Union City","NJ","New York","Hudson",205,,,,,,,,,,,,,,,,,,1200,1200,1195,1195,1277.5,1295,1200,1300,1250,1210,1195,1150,1195,1125,1150,1100,1092.5,1095,1100,1150,1150,1150,1250,1175,1100,1100,1150,1150,1150,1195,1150,1150,1150,1195,1262.5,1225,1225,1237.5,1195,1200,1250,1195,1250,1295,1295,1250,1250,1295,1295,1295,1295,1295,1295,1295,1250,1295,1295,1295,1350,1300,1300,1325,1350
"East Orange","NJ","New York","Essex",206,,,,,,,,,,,,,,,,,,,,,,,,,,,,862.5,850,850,850,932.5,850,850,875,950,975,1087.5,934,895,850,875,875,875,925,950,875,875,895,895,895,900,925,895,897.5,925,950,925,925,975,995,995,950,975,975,965,965,975,975,950,975,995,995,1000,1100,995,1100,995,1050,1095
"Manhattan","KS","Manhattan","Riley",207,,,,,,,,,,,,,,,,,,,,,,,,,,,,,,,,,,,,,,,,,,,,,,,,575,600,550,582.5,630,642.5,630,685,735,725,700,725,650,622.5,650,650,682.5,680,665,677.5,695,720,730,725,665,650,650,635,600,625,662.5,610,650
"Mount Vernon","NY","New York","Westchester",208,,,,,,,,,,,,,,,,,1200,1250,1225,1225,1250,1200,1200,1200,1200,1200,1200,1200,1225,1212.5,1200,1200,1200,1200,1300,1287.5,1300,1350,1250,1250,1300,1300,1250,1250,1250,1350,1325,1325,1312.5,1300,1300,1325,1325,1350,1350,1297.5,1337.5,1300,1300,1312.5,1350,1325,1350,1325,1325,1350,1350,1357.5,1395,1400,1400,1395,1350,1350,1350,1325,1350,1350,1325,1350
"Bethesda","MD","Washington","Montgomery",209,,,,,,,,,,,,,,,,,,,,,1850,2045,2045,2240,2255,2252.5,2145,2208,2275,2220,2247.5,2287,2282.5,2283,2295,2181.5,2271.5,2290.5,2250,2282.5,2265,2287.5,2141,2385,2305,2322.5,2095,2140,1841,1841,1925,2140,2305,2242.5,2120,2057,2003.5,1925,1960,1996,2040,2077.5,2199.5,2092.5,2169,2136,2130,2090,2083,2120,2077.5,2011.5,2120,2135,2160,2252.5,2290,1925,2135,2100
"North Bergen","NJ","New York","Hudson",210,,,,,,,,,,,,,,,,,,,,,,,,,,,,,,,,,,,,,,,,,,,,,,,,,,,,,,,,,,,,1450,1622.5,1525,1475,1500,1475,1450,1450,1500,1450,1675,1525,1587.5,1500,1300,1497.5,1372,1425,1450,1425,1500
"Carmel","IN","Indianapolis","Hamilton",211,,,,,,,,,,,,,,,,,,,,,,,,,,,,,,,,,,,,,,,,,,,,,,,,,,,,,,,,,,,,,,989,907,877,850,842,884,920,879,896,920,925,884,893.5,901,900,872,858,870,875
"Hamden","CT","New Haven","New Haven",212,,,,,,,,,,,,,,,,,,,,,,,,,,,,,,,,,,,,,,,,,,,,,,,,,,,,,,1000,1025,1025,1012.5,1000,999,999.5,999.5,1025,1085,1075,1140,1145,1195,1125,1125,1125,1115,1120,1115,1115,1110,1120,1115,1125,1200,1115
"Tamarac","FL","Miami-Fort Lauderdale","Broward",213,,,,,,,,,,,,,800,800,800,800,800,825,800,850,800,800,799,800,825,840,850,850,825,850,850,850,850,850,875,850,850,850,850,845,800,850,850,850,875,875,850,850,850,875,890,900,950,905,900,900,950,912.5,950,935,935,950,963,950,944,950,975,963,969,975,1000,1000,990,1000,1000,1000,1050,1050,1000,1071.5
"Waltham","MA","Boston","Middlesex",214,,,,,,,,,,,,,,,,,,,,1825,1790,1740,1720,1623.5,1627.5,1750,1765,1792.5,1780,1863,1857.5,1900,1997,1997,1942.5,1954.5,1997,1994,1997,1975,1997,1875,1868,1875,1750,1707.5,1695,1705,1687.5,1650,1650,1750,1775,1795,1777,1800,1752,1783,1785,1851,1792.5,1785,1896,1894,1805,1825,1880,1875,1800,1910,1895,1797.5,1795,1785,1758,1802.5,1800,1700,1895,1850
"Malden","MA","Boston","Middlesex",215,,,,,,,,,,,,,,,1267.5,1285,1355,1382,1393,1394.5,1394,1395,1399,1365,1390,1400,1400,1500,1500,1360,1500,1490,1606,1624,1560,1606,1580,1395,1395,1395,1395,1394.5,1400,1394.5,1362.5,1350,1350,1495,1495,1495,1495,1425,1450,1450,1493,1450,1494,1495,1400,1495,1450,1450,1450,1450,1450,1450,1435,1522.5,1500,1606,1475,1500,1500,1500,1525,1500,1500,1557,1557,1450
"Royal Oak","MI","Detroit","Oakland",216,,,,,,,,,,,,,,,,,,,,,,,,,,,,,,,,,,,,,,,,,,,,,,,,,,,,,,,,,,,,,,,,,,897.5,937.5,900,925,850,837.5,925,950,1090,999.5,1050,985,989.5,995,837.5
"Newport Beach","CA","Los Angeles-Long Beach-Anaheim","Orange",217,,,,,,,,,,,,,,,,,,,,,,,,,,,,,,,,,,,,,,,,,,,,,,,,,,,,,,,,,,2130,2165,2115,2110,2095,2042.5,2055,2185,2100,2110,2230,2300,2350,2330,2275,2290,2260,2245,2292.5,2240,2190,2360,2365
"Gaithersburg","MD","Washington","Montgomery",218,,,,,,,,,,,,,,,,,,,,,,,,,,,,,1655,1625,1351.5,1280,1291,1425,1508,1415,1480,1502.5,1495,1464,1495,1415,1475,1360,1345,1435,1597,1595,1315,1350,1370,1352,1397.5,1497.5,1549.5,1500,1505,1505,1491,1500,1482,1480,1448,1450,1433,1415,1415,1433,1420,1403,1394.5,1436.5,1425,1427.5,1430,1434,1343,1387,1385,1406.5
"Bayonne","NJ","New York","Hudson",219,,,,,,,,,,,,,,,,,,,900,925,975,995,992.5,1000,1150,1100,1075,912.5,900,900,942.5,900,1022.5,1100,1050,1087.5,1000,1000,995,1000,1000,1000,995,995,950,950,995,1000,1000,1075,1075,1075,1085,1050,1050,1100,1050,1050,1050,1095,1100,1100,1100,1072.5,1100,1100,1100,1150,1137.5,1150,1150,1150,1150,1150,1200,1350,1195,1297.5,1195,1195
"White Plains","NY","New York","Westchester",220,,,,,,,,,,2062.5,2075,1977.5,1900,2025,2097.5,1995,2100,2100,2062.5,2000,1825,1800,1800,1825,1800,1850,1750,1775,1925,1825,1775,1775,1992.5,2100,2190,2197.5,2125,2150,2125,2100,2100,2065,2100,2109,2140,2035,2045,2000,2009,2000,2000,2112.5,2100,2100,2100,2047.5,1825,2100,2075,2175,2282.5,2125,2147.5,2220,2000,1950,2100,2162.5,2200,2145,2145,2100,2055,2000,1975,2047.5,2047.5,1962.5,2000,2100
"Medford","MA","Boston","Middlesex",221,,,,,,,,,,,,,,,,,,,,,,,,,,,,,,,,,,,,,,,,,,,,,,,,,,,,,,,,,,,,,,,,1500,1600,1760,1812.5,1800,1800,1795,1700,1550,1500,1600,1600,1750,1682.5,1800,1600,1600
"Deerfield Beach","FL","Miami-Fort Lauderdale","Broward",222,,,,,,,,,,,,,1100,1000,975,995,925,912.5,900,900,975,900,1000,995,1050,1067.5,1030,1095,1122.5,1180,1062.5,1110,1200,1165,1142.5,1100,1095,1080,1075,950,1000,1020,1050,1075,1075,1200,1100,1100,1050,1035,1075,1100,1065,1172.5,1277.5,1165,1200,1195,1200,1197.5,1187.5,1100,1050,1000,1165,1200,1100,1147.5,1100,1200,1295,1340,1235,1275,1244.5,1282.5,1075,1214,1225,1200
"Altamonte Springs","FL","Orlando","Seminole",223,,,,,,,,,,,,,,,,,,,690,690,690,690,720,770,750,728,720,712.5,707,737,735,725,727,737,727,727,735,774,760,765,760,700,699.5,699,695,695.5,725,750,750,739,739,757,775,757,750,750,750,750,740,740,750,775,759.5,765,770,809,822.5,829,850,874,887,900,891,904,939,850,929,908,900,957
"Broomfield","CO","Denver","Broomfield",224,,,,,,,,,,,,,,,,,,,,,,,,,,,,,,,1058,1090,1070,1049.5,1040,1016,1051.5,1058,1112,1145,1122.5,1159,1164,1142.5,1167.5,1160,1171,1167.5,1175,1193.5,1210,1205,1199.5,1220,1210,1223.5,1202.5,1231,1227,1175,1175,1175,1175,1238,1249,1261,1274,1272.5,1280.5,1367.5,1359,1359,1370,1325,1328,1329.5,1358,1362,1334,1370
"Coconut Creek","FL","Miami-Fort Lauderdale","Broward",225,,,,,,,,,,,,,,,,,862.5,897.5,900,900,900,900,900,875,875,920,933.5,932.5,980,1000,925,950,953,995,995,1000,995,985,950,950,975,975,975,1000,1000,1000,1000,1000,1000,1000,1000,1000,1000,1000,1050,1002,1050,1050,1050,1049.5,1100,1100,1100,1100,1100,1070,1097,1100,1100,1100,1100,1129,1150,1195,1167,1190,1186,1195,1248,1187
"Delray Beach","FL","Miami-Fort Lauderdale","Palm Beach",226,,,,,,,,,,,,912.5,885,937.5,925,925,925,1000,1000,1075,1150,1142,1134,1050,1000,1025,1024,1050,1050,1050,1075,1085,1092,1037,1049.5,1041,1020,1045,1005,1046,1000,1050,1050,1096,1100,1133,1100,1100,1100,1100,1100,1125,1200,1150,1190,1140,1127.5,1150,1150,1112.5,1250,1255,1300,1250,1250,1300,1355,1399,1399,1393,1367,1300,1213,1230,1300,1216,1250,1325,1401,1444
"Rockville","MD","Washington","Montgomery",227,,,,,,,,,,,,,,,,,,,,,,1615,1655,1776.5,1568.5,1600,1745,1725,1695,1725,1727.5,1700,1680,1675,1700,1725,1734.5,1742,1660,1661,1709,1680,1760,1603,1611,1616,1597,1597,1643,1629,1632,1604.5,1637,1638,1534,1545,1509,1566,1560,1518,1600,1559,1589,1578,1615,1613.5,1630,1710,1670,1705,1675,1715,1745,1735,1755,1736.5,1770,1774.5,1645,1630
"The Hammocks","FL","Miami-Fort Lauderdale","Miami-Dade",228,,,,,,,,,,,,,950,925,925,925,950,950,950,950,950,925,950,950,970,990,1000,1025,1012.5,1027.5,1025,1020,1000,1000,975,1027.5,1025,1070,1040,1020,1047.5,1045,1030,1015,1094.5,1100,1050,1040,1050,1050,1075,1100,1100,1100,1125,1150,1150,1200,1200,1200,1110,1110,1177.5,1200,1200,1200,1205,1202.5,1225,1295,1250,1252.5,1250,1295,1300,1300,1300,1300,1300,1300
"Missoula","MT","Missoula","Missoula",229,,,,,,,,,,,,,,,,,,,,,,,,,,625,630,627.5,622.5,625,650,662.5,675,695,665,617.5,595,620,600,645,645,645,645,675,625,625,615,625,617.5,615,645,650,650,650,675,647.5,645,615,695,695,675,690,650,675,675,695,695,695,715,795,775,695,735,750,730,740,695,735,695,725
"Fountain Valley","CA","Los Angeles-Long Beach-Anaheim","Orange",230,,,,,,,,,,,,,,,,,,,,,,,,,,,,,,,,,,,,,,,,,,,,,,,,,,,,,,,,,,,,,,,1605,1595,1600,1615,1610,1590,1648,1665,1657,1657.5,1665,1707,1703,1648.5,1675,1745,1659,1688.5
"Hoboken","NJ","New York","Hudson",231,,,,,,,,,,,,2150,2050,2150,2150,2212.5,2250,2075,2100,2166,2250,2375,2270,2305,2200,2200,2250,2200,2300,2275,2300,2400,2315,2300,2200,2250,2200,2350,2400,2300,2350,2300,2300,2247.5,2274.5,2300,2300,2200,2000,1995,2000,2200,2200,2183,2300,2300,2300,2300,2325,2250,2200,2150,2200,2200,2200,2300,2300,2350,2400,2350,2400,2400,2400,2425,2325,2200,2200,2280,2250,2300
"Brookline","MA","Boston","Norfolk",232,,,,,,,,,,,,,1825,1825,1700,1715,1700,1725,1775,1840,1840,1795,1825,1900,1810,1860,1835,1810,1835,1835,1835,1850,1835,1835,1860,1900,1925,1945,1940,1925,1900,1900,1930,1950,1972.5,1950,1950,1930,1915,1930,1950,1915,1950,1950,1950,1950,1950,1950,1975,1995,1950,1975,2000,2000,1995,1999,2000,2040,2002.5,2000,2050,2050,2040,2045,2050,2095,2050,2060,2050,2050
"Owings Mills","MD","Baltimore","Baltimore",233,,,,,,,,,,,,,,,,,,,,,,,,,,,,,,,,,,,,,,,,,,,,,,,,,1135,1127.5,1150,1272.5,1250,1197,1152,1211,1200,1150,1106,1098,1121.5,1111,1095,1115.5,1077,1148,1150,1150,1132.5,1140,1132,1150,1195,1145,1040,1156,1115,1147,1125,1104
"North Miami","FL","Miami-Fort Lauderdale","Miami-Dade",234,,,,,,,,,862.5,850,850,835,850,850,875,875,850,875,850,882.5,900,900,899,895,899.5,900,900,900,900,900,900,900,900,912.5,900,900,925,950,962.5,950,950,970,1000,1000,975,985,975,999.5,975,975,975,995,1000,1000,1000,1050,1000,1035,1005,1000,990,1000,1000,1090,1137.5,1200,1200,1100,1100,1150,1200,1250,1210,1200,1150,1125,1189,1100,1100,1050
"Milford","CT","New Haven","New Haven",235,,,,,,,,,,,,,,,,,,,,,,,,,,,,,,,,,,,,,,,,,,,,,,,,,,,,,,,,,,,,,,,1300,1300,1300,1495,1430,1500,1425,1450,1494.5,1450,1490,1495,1495,1495,1525,1500,1450,1525
"Mc Lean","VA","Washington","Fairfax",236,,,,,,,,,,,,,,,,,,,,,,,,,,,,,1795,1710,1697.5,1752.5,1827.5,1695,1692.5,1800,1850,1790,1674,1694,1700,1646,1600,1590,1650,1652,1760,1750,1747.5,1700,1768,1665,1750,1775,1670,1661.5,1670,1755,1745,1805,1965,1902,1750,1795,1797.5,1750,1758,1825,1743,1700,1705,1724,1725,1690,1700,1768.5,1898.5,1800,1688,1760
"Saint Louis Park","MN","Minneapolis-St Paul","Hennepin",237,,,,,,,,,,,,,,,,,,,,,,,,,,,,,,,,,,,,,,,,,,1125,1195,1312.5,1257.5,1265,1250,1075,1197.5,1221.5,1245,1245,1230,1357.5,1375,1327.5,1375,1350,1395,1375,1425,1375,1367.5,1357.5,1335,1367,1362,1350,1339.5,1324,1350,1375,1357,1330,1375,1375,1395,1375,1375,1340
"Aliso Viejo","CA","Los Angeles-Long Beach-Anaheim","Orange",238,,,,,,,,,,,,,,,,,,,,,,,,,,,,,,,,,,,,,,,,,,,,,,,,,,,,,,,,,,,,,1630,1699,1700.5,1694,1700,1746.5,1720,1715.5,1690,1712,1703,1739,1725.5,1792.5,1772,1790,1795,1830,1788.5,1804.5
"Doral","FL","Miami-Fort Lauderdale","Miami-Dade",239,,,,,,,,,,,,1050,1050,1150,1200,1200,1200,1250,1200,1200,1200,1200,1200,1200,1200,1187.5,1200,1200,1240,1200,1212.5,1250,1237.5,1200,1200,1220,1200,1200,1200,1200,1200,1250,1225,1250,1250,1200,1222.5,1220,1220,1220,1250,1300,1300,1250,1300,1325,1300,1350,1345,1300,1300,1350,1350,1350,1350,1350,1500,1412.5,1400,1500,1500,1550,1550,1500,1450,1500,1500,1500,1450,1375
"Coral Gables","FL","Miami-Fort Lauderdale","Miami-Dade",240,,,,,,,,,,,,1275,1400,1400,1400,1375,1500,1450,1300,1300,1300,1300,1507.5,1497.5,1497.5,1517.5,1550,1580,1550,1500,1562.5,1550,1500,1495,1450,1500,1600,1600,1600,1600,1700,1750,1750,1670,1600,1600,1650,1750,1700,1700,1600,1550,1550,1675,1725,1700,1650,1650,1750,1850,1777.5,1750,1750,1700,1700,1750,1750,1750,1800,1857.5,1850,1750,1800,1792.5,1850,1715,1700,1750,1700,1750
"Charlottesville","VA","Charlottesville","Albemarle",241,,,,,,,,,,,,,,,,,,,,,,,,800,825,825,800,807,900,805,795,770,800,800,835,865,865,862.5,922.5,860,910,945,922.5,945,962.5,995,897,795,795,800,850,921,920,900,895,895,870,785,777.5,848,848,850,875,875,920,897.5,925,899.5,900,900,900,900,950,902.5,912.5,850,925,925,900,942.5
"Arlington","MA","Boston","Middlesex",242,,,,,,,,,,,,,,,,,,,,,,,,,,,,,,,,,,,,,1425,1400,1400,1475,1375,1375,1395,1375,1375,1400,1400,1400,1400,1400,1400,1400,1450,1450,1450,1450,1425,1410,1400,1400,1400,1425,1450,1462.5,1475,1550,1550,1495,1495,1450,1495,1500,1550,1495,1550,1550,1550,1600,1550,1500
"Cedar Park","TX","Austin","Williamson",243,,,,,,,,,,,,,,,,,,,,,749,755,725,750.5,773,807.5,775,792,792.5,756,755,784,791,784,795,820,814,825,795,815,805,822.5,825,840,839,852,876,895,877.5,899,875,969,872.5,875,870,861,872.5,857,840,840,845,842.5,870,875,880,889,889,886,920,925,939,950,922,944,967,974,973,1043.5,959,1005.5
"Alpharetta","GA","Atlanta","Fulton",244,,,,,,,,,,,,,,,,,,,,,,,,,,,,,,,,,,,,,,,,,,,,,,,,,,,,,,,,,,,,,,,,1340.5,1341.5,1348,1341.5,1375,1377.5,1133,1152,1173,1150,1190,1190,1237.5,1170,1160,1211.5,1149.5
"Palm Springs","CA","Riverside","Riverside",245,,,,,,,,,,,,,780,765,800,800,800,800,775,795,795,775,797.5,850,837.5,825,837.5,795,790,750,775,785,750,725,750,797.5,873,884,837.5,850,795,800,797,825,812.5,825,850,837.5,825,800,800,800,800,850,850,800,897.5,887.5,1037.5,1047.5,975,985,950,900,942.5,995,995,1100,1100,1200,1325,1200,1247.5,1050,1050,995,950,995,985,1150
"Oakland Park","FL","Miami-Fort Lauderdale","Broward",246,,,,,,,,,,,,,732.5,750,800,800,799.5,799,800,850,850,805,825,825,805,815,825,825,850,850,840,825,825,825,850,850,850,850,850,850,850,850,850,860,850,850,885,885,895,895,900,900,900,900,900,912.5,912.5,950,975,950,975,950,950,975,995,975,975,975,1000,1000,1025,997.5,1012.5,1000,1000,1010,1000,1000,1050,985
"Dunwoody","GA","Atlanta","Dekalb",247,,,,,,,,,,,,,,,,,,,,,890,890,859,894.5,959,947,925,965,975,978,945,998,1048,1011,991,947,963,995,995,1011,995,999,973,985,1029,1050,1003,955,959,955,979,1065,1135,1120,1125,1165,1110,1127,1105,1118,1110,1085,1073,1097.5,1116.5,1109,1165,1160,1160,1146,1160,1220,1219.5,1220,1249.5,1240,1227.5,1240,1214.5,1198
"Grapevine","TX","Dallas-Fort Worth","Tarrant",248,,,,,,,,,,,,,,,,,,,745,730,780,825,795,825,900,900,825,938,955,820,903.5,908,962.5,985,982,905,925,920.5,942.5,956,983,1021,1023,940,985,969,979,999,1077,1059,1087,1094,1064.5,1039,1029,1055,1069.5,1059,1045,1056,1039,1039,1080,1164,1200,1169,1164.5,1183,1179,1165.5,1153,1119,1134,1199,1199,1219,1299,1279,1229,1289.5
"Towson","MD","Baltimore","Baltimore",249,,,,,,,,,,,,,,,,,,,,,,,,,,,,,,,,,,,,,,,,,,,,,,,,,1332,1257,1235,1163,1285,1360,1325,1290,1224.5,1232,1190,1251,1285,1360,1360,1308.5,1281,1325,1437.5,1417.5,1356.5,1296,1268,1280.5,1304,1335,1414,1277.5,1258,1285,1275,1308
"Bothell","WA","Seattle","Snohomish",250,,,,,,,,,,,,,,,,,,,,,,,,,,,,,,,,,,,,,,,,,,,,,,,,1099,1107,1102.5,1187,1195,1260,1235,1272.5,1247.5,1223,1258.5,1204,1225,1257,1285,1300,1315,1357,1395,1395,1372.5,1415.5,1425,1398.5,1395,1425,1465,1425,1470,1496,1453,1421,1431
"Palm Beach Gardens","FL","Miami-Fort Lauderdale","Palm Beach",251,,,,,,,,,,,,,,,,,999.5,1000,987,985,1012,1087.5,1095,1040,1035,1080,1050,1055,1080,1080,1080,1080,1100,1100,1100,1100,1100,1052,1097.5,1100,1120,1100,1100,1150,1200,1100,1200,1200,1200,1200,1200,1195,1222.5,1225,1200,1200,1250,1200,1250,1255,1295,1250,1250,1250,1250,1250,1265,1257.5,1275,1300,1350,1334.5,1279,1300,1350,1325,1300,1299.5,1320,1355
"Littleton","CO","Denver","Arapahoe",252,,,,,,,,,,,,,,,,,,,,,,,,,,,,,,,,,,,,,,,,,,,,,,,,,,,,,,,,,,,,,,,,,,1329,1315,1256,1246,1245,1178,1204,1234.5,1221,1228.5,1187.5,1255.5,1241.5,1333,1410
"Brookhaven","GA","Atlanta","Dekalb",253,,,,,,,,,,,,,,,,,,,,,,,,,,,,,,,,,999,940.5,957,972,917.5,950,969,1012,1001,977,950,969,1092.5,1095,1047.5,1065,1045,1081,1255,1255,1195,1293,1275,1265,1142.5,1110,1105,1120,1120,1066,1115,1245,1225,1265,1270,1265,1189,1140,1153,1280,1240,1330,1354,1360,1260,1287,1257,1384
"Hallandale","FL","Miami-Fort Lauderdale","Broward",254,,,,,,,,,,,,,1100,1150,1150,1150,1100,1150,1199.5,1200,1200,1200,1250,1250,1300,1275,1200,1250,1200,1200,1250,1250,1250,1297,1300,1399,1294.5,1275,1250,1250,1299,1350,1325,1375,1395,1350,1350.5,1350,1350,1350,1350,1400,1375,1400,1400,1412.5,1450,1450,1450,1495,1500,1500,1500,1500,1500,1500,1500,1450,1500,1499,1495,1495,1495,1500,1450,1425,1500,1397,1450,1495
"Great Neck","NY","New York","Nassau",255,,,,,,,,,,,,,,,,,,,,,2200,2089,2015,2004,2009.5,2009.5,2200,2052,2100,2027.5,2050,2100,2250,2300,2250,2200,2200,2200,2225,2200,2250,2500,2275,2250,2275,2262.5,2250,2292.5,2080,2000,1998,2200,2387.5,2400,2375,2250,2250,2375,2362.5,2000,2200,2175,2250,2380,2400,2380,2460,2425,2400,2262.5,2250,2197.5,2217,2400,2400,2310.5,2150,2280,2425,2550
"Fishers","IN","Indianapolis","Hamilton",256,,,,,,,,,,,,,,,,,,,,,,,,,,,,,,,,,,,,,,,,,,,,,,,,,,,,,,,,,,,,,,,879,879,879,849,849,846.5,844,899,824,846.5,849,827,810,805,810,805,810,844
"Woburn","MA","Boston","Middlesex",257,,,,,,,,,,,,,,,,,,,,,,,,1491,1416,1395,1295,1395,1395,1295,1295,1295,1395,1395,1395,1474,1350,1300,1295,1295,1300,1295,1295,1285,1295,1295,1275,1295,1325,1325,1325,1325,1325,1325,1400,1400,1445,1395,1377.5,1275,1275,1300,1275,1325,1325,1395,1385,1325,1325,1325,1395,1400,1385,1450,1445,1450,1450,1395,1325,1325
"Fort Lee","NJ","New York","Bergen",258,,,,,,,,,,,,,,,,,,,,,,,,,,,,,,,,,,,,,,,,,,,,,,,,,,,,,,,,,,,,1800,1895,1825,1750,1775,1650,1700,1850,1825,1862.5,1875,1837.5,1850,1875,1862.5,1825,1810,1745,1850,1988.5,2070
"Hurst","TX","Dallas-Fort Worth","Tarrant",259,,,,,,,,,,,,,,,,,,,,,,,,,,,,,,,,,,,,,,,,,,,,,,,,,,,,,,,,,,,,,,,632,627,691.5,701,688,705.5,733,735.5,699,699,709,788,802,752,716,699.5,705,713.5
"The Colony","TX","Dallas-Fort Worth","Denton",260,,,,,,,,,,,,,,,,,,,,,,,,,,,,,,,,,,,,,,,,,,,,,,,,,,,,,,,,,,,,,,,,,,,,,1095,1005.5,961.5,990,1037.5,1054.5,1010,994,1051,1055,1061,1076
"West Hollywood","CA","Los Angeles-Long Beach-Anaheim","Los Angeles",261,,,,,,,,,,,,,,,,,,,,,,,,,,,,,,,2131,2000,1995,1995,1850,1922.5,1922.5,1850,1850,1975,1895,1950,1800,1897.5,1995,1850,1895,1872.5,1795,1895,1895,2100,2195,2195,2100,2150,2161,2100,2195,2000,2295,2150,2150,2350,2400,2435.5,2377.5,2297.5,2295,2100,2250,2415,2500,2572.5,2415,2536,2295,2500,2150,2320
"Aventura","FL","Miami-Fort Lauderdale","Miami-Dade",262,,,,,,,,,1350,1300,1375,1300,1300,1300,1300,1330,1300,1300,1350,1350,1400,1390,1400,1400,1420,1400,1400,1450,1400,1400,1400,1450,1450,1450,1450,1450,1450,1499,1475,1459,1450,1500,1500,1500,1550,1550,1550,1550,1577,1550,1550,1500,1550,1575,1550,1550,1600,1600,1599,1650,1650,1647.5,1600,1650,1650,1609,1600,1600,1600,1600,1600,1650,1650,1690,1650,1600,1600,1567,1600,1575
"Englewood","CO","Denver","Arapahoe",263,,,,,,,,,,,,,,,,,,,,,,,,,,,,,,,,,,,,,,,,,,,,,,,,,,,,,,,,,,,,,,,,,1112.5,1000,1022.5,1072.5,1117.5,1224,1220.5,1231.5,1253,1258.5,1219.5,1259,1263.5,1219,1223,1245
"Foster City","CA","San Francisco","San Mateo",264,,,,,,,,,,,,,,,,,,,,,,,,,,,,,,,,,,,,,,,,,,,,,,,,,,,,,,,,,,,,,,2563,2534.5,2600.5,2650.5,2683.5,2680,2655,2678,2699.5,2806.5,2783,2783,2828,2873,2741,2785,2779,2815.5,2668
"North Miami Beach","FL","Miami-Fort Lauderdale","Miami-Dade",265,,,,,,,,,,,,825,857.5,850,900,875,877,900,887,875,897.5,900,900,900,982.5,950,925,925,900,900,900,900,925,910,900,900,900,900,925,925,950,975,950,900,900,900,900,950,975,1000,1000,1000,975,985,1050,1050,1100,1075,1100,1095,1100,1250,1200,1100,1100,1100,1100,1150,1150,1111,1100,1125,1192.5,1185,1195,1195,1200,1172.5,1197.5,1200
"Long Beach","NY","New York","Nassau",266,,,,,,,,,,,,,,,,,,,,,,1500,1500,1550,1600,1650,1675,1650,1650,1625,1675,1650,1650,1750,1800,1750,1700,1750,1700,1700,1725,1700,1650,1650,1650,1650,1625,1597.5,1600,1600,1600,1725,1750,1697.5,1750,1795,1795,1662.5,1737.5,1800,1750,1752.5,1762.5,1762.5,1800,1862.5,1850,1787.5,1750,1800,1850,1775,1785,1850,1850,1925,1890,1900,1800,1772.5
"Watertown","MA","Boston","Middlesex",267,,,,,,,,,,,,,,,,,,,,,,,,,,,,,,,,,,,,,,,,,,,,,1675,1650,1800,1655.5,1650,1600,1650,1700,1895,1850,1750,1750,1550,1650,1700,1900,2039.5,1900,1918,1890,1900,1900,1955.5,2000,2051.5,1900,1825,2000,1899.5,1900,1900,1850,1850,1700,1750,1850
"Westchase","FL","Tampa","Hillsborough",268,,,,,,,,,,,,,,,,,,,,,,,,,,,,,,,,,,,,,,,,,,,,,,,,,,,,,,,,,,945,1000,987,986,987,987,1020,1029,1000,1065,1070,1017.5,1180,1164,1170,1219,1185,1185,1199.5,1209,1232.5,1189,1190
"Laguna Beach","CA","Los Angeles-Long Beach-Anaheim","Orange",269,,,,,,,,,,,,,,,,,,,,,,,,,,,,2395,2250,2320,2010,2300,2100,2320,2320,2500,2320,2300,2300,2247.5,2447.5,2310,2197.5,2272.5,2100,2095,2095,1985,2250,2312.5,2322.5,2250,2500,2525,2800,2500,2425,2500,2497.5,2595,2495,2500,2595,2650,2650,2900,2795,2747.5,2525,2500,2500,2500,2695,2697.5,2695,2695,2800,2950,2695,2647.5
"Sunny Isles Beach","FL","Miami-Fort Lauderdale","Miami-Dade",270,,,,,,,,,1250,1350,1300,1275,1200,1250,1250,1250,1275,1298.5,1300,1300,1300,1350,1350,1350,1362.5,1450,1500,1550,1500,1500,1435,1450,1450,1500,1500,1500,1475,1450,1475,1500,1600,1600,1550,1550,1570,1500,1500,1525,1550,1500,1550,1580,1582.5,1600,1600,1600,1600,1700,1650,1700,1700,1872.5,1900,1850,1800,1800,1800,1700,1737.5,1850,1900,1855,1750,1800,1750,1650,1850,1600,1650,1750
"Ypsilanti","MI","Ann Arbor","Washtenaw",271,,,,,,,,,,,,,,,,,,,,,,,,,,,,,,,,,,,,,,,,,,,,,,,,,,,,,,,,,,,,,645,645,709,729,700,714,739,800,799,789,799,727,675,695,725,749.5,715,725,759,759
"Newport","RI","Providence","Newport",272,,,,,,,,,,,,,,,,,1125,1100,1000,1100,1100,1125,1075,1050,1075,1075,1050,1100,1100,1100,1000,1000,1050,1100,1000,997.5,1000,1000,1000,1000,975,1000,1100,1100,1100,1100,1100,1100,1050,1100,1100,1200,1200,1200,1200,1200,1100,1100,1200,1200,1200,1200,1250,1300,1250,1272.5,1250,1300,1272.5,1200,1200,1200,1295,1250,1300,1300,1300,1400,1300,1300
"Morrisville","NC","Raleigh","Wake",273,,,,,,,,,,,,,,,,,,,,,,,,,,,,,,,,,,,,,,,,,,,,,,,,,,,,,,,,,,,,,,,888.5,950,951.5,942.5,955,950,914.5,949,939,940,969.5,995,999,1007.5,1050,997,1022.5,1005
"Maitland","FL","Orlando","Orange",274,,,,,,,,,,,,,,,,,,,,,,,,,,,,,,,,,,,,,,,,,,,,,,,,,,,,,1007.5,980,940,930,1040,922.5,940,950,1060,1115,1115,1107.5,1120,1095,1015,990,995,1090,1117.5,1130,1140,1140,1172.5,1140,1114,1140,1065,1210.5
"Greenwood Village","CO","Denver","Arapahoe",275,,,,,,,,,,,,,,,,,,,,,,,,,,,,,,,,,,,,,,,,,,,,,,,,,,,,,,,,,,,,,,,,,,1430,1445,1454.5,1405,1422,1368.5,1410.5,1374,1396,1345.5,1483,1475,1499,1438,1425
"Islip","NY","New York","Suffolk",276,,,,,,,,,,,,1235,1250,1260,1299.5,1295,1350,1350,1340,1350,1350,1385,1380,1400,1425,1400,1380,1430,1400,1395,1420,1400,1395,1425,1405,1350,1385,1400,1440,1392,1300,1390,1450,1475,1487.5,1497.5,1495,1469,1469,1450,1435,1495,1495,1495,1515,1525,1525,1525,1445,1447.5,1470,1500,1500,1425,1457.5,1475,1500,1490,1400,1460,1524,1422.5,1450,1555,1590,1575,1655,1600,1642.5,1549
"Marina del Rey","CA","Los Angeles-Long Beach-Anaheim","Los Angeles",277,,,,,,,,,,,,,,,,,,,,,,,,,,,,,,,,,2490,2461.5,2475.5,2500,2347.5,2333,2397.5,2352,2408,2350,2350,2500,2500,2375,2500,2500,2572.5,2587.5,2650,2695,2625,2600,2550,2662.5,2715,2735,2710,2790,2850,2795,2850,2762.5,2822.5,2822.5,2875,2850,2875,2850,2860,2850,2847.5,2850,2800,2800,2844,2495,2800,2900
"Huntington","VA","Washington","Fairfax",278,,,,,,,,,,,,,,,,,,,,,,,,,,,,,,,,,,,,,,,,,,,,,,,,1620,1600,1549,1537,1549,1438,1499,1512.5,1500,1467.5,1475,1500,1497.5,1500,1585,1564.5,1559,1650,1592.5,1575,1660,1672.5,1450,1400,1475.5,1544,1475,1600,1580,1640,1495,1567,1498
"Addison","TX","Dallas-Fort Worth","Dallas",279,,,,,,,,,,,,,,,,,,,,,,,,,,,,,,,,,,,,,,,,,,1079,900,1015,1015,1004.5,999,1087,1084,1097,1122.5,1082,1135,1097.5,1035,1069,1069,1121,1112,1112,1123,1123.5,1184,1183,1193,1148,1224,1175,1172.5,1175,1089,1140.5,1255,1245,1198,1248,1229,1099,1219,1230
"North Bay Village","FL","Miami-Fort Lauderdale","Miami-Dade",280,,,,,,,,,,,,,1050,1100,1150,1100,1150,1150,1200,1200,1215,1215,1200,1250,1250,1215,1225,1200,1200,1200,1200,1250,1250,1275,1250,1250,1300,1300,1300,1300,1300,1375,1399.5,1350,1350,1400,1399.5,1400,1450,1450,1398,1400,1398,1375,1350,1500,1500,1500,1500,1600,1650,1600,1600,1650,1700,1650,1600,1650,1625,1625,1650,1650,1650,1650,1712.5,1755,1600,1687.5,1600,1600
